,Case1,Case2,Case3,Case4,Case5,Case6,Case7,Case8,Case9,Case10,Case11,Case12,Case13,Case14,Case15,Case16,Case17,Case18,Case19,Case20,Case21,Case22,Case23,Case24,Case25,Case26,Case27,Case28,Case29,Case30,Case31,Case32,Case33,Case34,Case35,Case36,Case37,Case38,Case39,Case40,Case41,Case42,Case43,Case44,Case45,Case46,Case47,Case48,Case49,Case50,Case51,Case52,Case53,Case54,Case55,Case56,Case57,Case58,Case59,Case60,Case61,Case62,Case63,Case64,Case65,Case66,Case67,Case68,Case69,Case70,Case71,Case72,Case73,Case74,Case75,Case76,Case77,Case78,Case79,Case80,Case81,Case82,Case83,Case84,Case85,Case86,Case87,Case88,Case89,Case90,Case91,Case92,Case93,Case94,Case95,Case96,Case97,Case98,Case99,Case100,Case101,Case102,Case103,Case104,Case105,Case106,Case107,Case108,Case109,Case110,Case111,Case112,Case113,Case114,Case115,Case116,Case117,Case118,Case119,Case120,Case121
TTN,0.109108945,0.109108945,0.109108945,0.109108945,0.109108945,0.109108945,0.109108945,0.109108945,0,0.109108945,0,0.109108945,0,0.109108945,0.109108945,0.109108945,0,0.109108945,0,0,0.109108945,0.109108945,0.109108945,0,0,0.109108945,0.109108945,0.109108945,0.109108945,0.109108945,0.109108945,0.109108945,0.109108945,0.109108945,0.109108945,0.109108945,0,0.109108945,0.109108945,0.109108945,0.109108945,0.109108945,0.109108945,0,0,0.109108945,0.109108945,0,0,0.109108945,0.109108945,0.109108945,0,0,0.109108945,0.109108945,0.109108945,0.109108945,0.109108945,0.109108945,0.109108945,0,0,0,0.109108945,0.109108945,0.109108945,0.109108945,0.109108945,0.109108945,0,0.109108945,0,0.109108945,0,0.109108945,0.109108945,0.109108945,0.109108945,0,0,0,0.109108945,0.109108945,0.109108945,0.109108945,0,0.109108945,0,0.109108945,0.109108945,0.109108945,0,0.109108945,0.109108945,0.109108945,0.109108945,0,0.109108945,0.109108945,0.109108945,0.109108945,0.109108945,0,0,0,0,0.109108945,0.109108945,0,0,0.109108945,0,0.109108945,0,0.109108945,0.109108945,0,0.109108945,0.109108945,0.109108945
TP53,0,0,0,0,0,0,0,0,0.158113883,0,0,0,0,0,0,0,0,0,0,0.158113883,0,0,0,0,0,0.158113883,0,0.158113883,0.158113883,0,0,0,0,0,0,0,0,0,0,0,0,0,0.158113883,0,0,0,0,0.158113883,0.158113883,0,0,0.158113883,0.158113883,0,0,0.158113883,0,0,0,0,0.158113883,0,0,0,0,0.158113883,0,0,0,0.158113883,0,0,0.158113883,0.158113883,0,0,0,0,0.158113883,0.158113883,0.158113883,0.158113883,0.158113883,0.158113883,0,0,0.158113883,0,0,0,0,0.158113883,0.158113883,0,0,0.158113883,0,0,0.158113883,0,0,0.158113883,0,0.158113883,0.158113883,0.158113883,0,0,0.158113883,0,0,0.158113883,0,0.158113883,0.158113883,0.158113883,0,0.158113883,0.158113883,0.158113883,0.158113883
APC,0,0,0,0,0,0,0,0.138675049,0.138675049,0,0,0,0,0,0.138675049,0.138675049,0,0,0,0.138675049,0,0.138675049,0,0,0.138675049,0,0,0,0.138675049,0,0.138675049,0.138675049,0,0.138675049,0,0,0.138675049,0.138675049,0,0,0,0,0.138675049,0.138675049,0.138675049,0,0,0.138675049,0.138675049,0,0.138675049,0.138675049,0.138675049,0,0,0.138675049,0.138675049,0,0.138675049,0,0,0.138675049,0,0,0,0,0.138675049,0,0.138675049,0,0.138675049,0,0,0,0.138675049,0,0,0,0.138675049,0,0.138675049,0,0.138675049,0,0,0,0,0,0.138675049,0,0.138675049,0.138675049,0,0,0.138675049,0.138675049,0.138675049,0.138675049,0,0,0,0,0.138675049,0,0,0.138675049,0,0.138675049,0.138675049,0.138675049,0.138675049,0.138675049,0,0.138675049,0.138675049,0,0,0.138675049,0.138675049,0.138675049,0.138675049
KRAS,0,0,0,0,0.133630621,0,0,0.133630621,0.133630621,0.133630621,0,0.133630621,0.133630621,0,0.133630621,0,0.133630621,0,0,0.133630621,0.133630621,0.133630621,0,0,0,0,0,0,0,0,0.133630621,0,0,0,0.133630621,0,0.133630621,0,0,0.133630621,0,0,0,0.133630621,0.133630621,0.133630621,0,0.133630621,0.133630621,0,0.133630621,0.133630621,0.133630621,0.133630621,0.133630621,0.133630621,0.133630621,0,0,0,0,0,0,0.133630621,0,0.133630621,0,0,0.133630621,0,0,0,0,0,0,0.133630621,0,0,0.133630621,0.133630621,0.133630621,0.133630621,0,0.133630621,0,0.133630621,0.133630621,0.133630621,0.133630621,0,0.133630621,0.133630621,0,0.133630621,0,0.133630621,0,0.133630621,0,0,0,0,0,0.133630621,0.133630621,0,0,0,0,0.133630621,0.133630621,0.133630621,0,0.133630621,0.133630621,0.133630621,0.133630621,0.133630621,0.133630621,0,0
SYNE1,0.137360564,0,0.137360564,0.137360564,0,0,0.137360564,0,0,0.137360564,0.137360564,0.137360564,0,0,0.137360564,0.137360564,0,0,0,0,0.137360564,0,0,0,0,0.137360564,0.137360564,0.137360564,0.137360564,0,0,0,0,0,0.137360564,0,0,0.137360564,0,0.137360564,0,0.137360564,0.137360564,0,0,0,0,0,0,0.137360564,0.137360564,0.137360564,0,0,0,0.137360564,0,0.137360564,0.137360564,0,0.137360564,0,0,0,0,0.137360564,0,0.137360564,0,0,0,0.137360564,0.137360564,0,0,0.137360564,0.137360564,0.137360564,0.137360564,0,0,0,0,0,0.137360564,0,0,0,0,0.137360564,0,0,0,0,0.137360564,0.137360564,0,0,0.137360564,0.137360564,0.137360564,0,0.137360564,0.137360564,0,0,0.137360564,0.137360564,0.137360564,0,0.137360564,0,0,0.137360564,0,0.137360564,0.137360564,0,0.137360564,0.137360564,0.137360564
MUC16,0.134839972,0,0.134839972,0.134839972,0,0.134839972,0.134839972,0,0,0.134839972,0,0.134839972,0,0.134839972,0.134839972,0,0,0.134839972,0,0,0.134839972,0.134839972,0,0,0,0.134839972,0.134839972,0.134839972,0.134839972,0.134839972,0.134839972,0,0,0,0,0,0,0.134839972,0,0.134839972,0.134839972,0.134839972,0,0.134839972,0,0,0,0,0,0.134839972,0,0.134839972,0,0,0.134839972,0.134839972,0,0.134839972,0,0,0.134839972,0.134839972,0,0,0.134839972,0,0.134839972,0,0,0,0,0,0,0.134839972,0,0,0.134839972,0,0.134839972,0.134839972,0,0,0.134839972,0,0.134839972,0,0,0.134839972,0.134839972,0,0,0,0.134839972,0.134839972,0.134839972,0.134839972,0,0,0.134839972,0.134839972,0.134839972,0,0.134839972,0,0,0,0,0.134839972,0.134839972,0.134839972,0,0,0,0,0,0.134839972,0,0.134839972,0,0.134839972,0.134839972
PIK3CA,0,0,0,0,0,0.15249857,0,0,0,0.15249857,0,0,0,0,0.15249857,0,0.15249857,0.15249857,0,0,0,0.15249857,0.15249857,0,0,0,0,0,0.15249857,0,0,0.15249857,0,0,0.15249857,0,0.15249857,0.15249857,0,0,0.15249857,0.15249857,0,0.15249857,0,0,0,0.15249857,0,0,0,0,0,0,0,0.15249857,0,0.15249857,0,0,0,0,0.15249857,0.15249857,0,0.15249857,0,0.15249857,0,0,0.15249857,0,0,0,0.15249857,0.15249857,0,0,0.15249857,0,0,0,0,0,0.15249857,0.15249857,0.15249857,0,0.15249857,0.15249857,0,0.15249857,0,0.15249857,0,0,0,0,0.15249857,0,0.15249857,0.15249857,0,0,0,0,0,0,0,0.15249857,0.15249857,0.15249857,0.15249857,0,0.15249857,0,0,0,0,0.15249857,0.15249857
FAT4,0.134839972,0.134839972,0.134839972,0.134839972,0.134839972,0,0,0,0,0.134839972,0,0.134839972,0,0.134839972,0,0,0,0,0.134839972,0.134839972,0,0.134839972,0.134839972,0,0,0.134839972,0,0.134839972,0.134839972,0,0.134839972,0.134839972,0.134839972,0,0.134839972,0,0,0.134839972,0.134839972,0.134839972,0.134839972,0.134839972,0.134839972,0.134839972,0,0,0,0,0,0.134839972,0,0.134839972,0,0,0.134839972,0.134839972,0,0.134839972,0,0.134839972,0.134839972,0,0,0,0,0,0,0.134839972,0.134839972,0,0.134839972,0.134839972,0.134839972,0,0.134839972,0,0,0,0.134839972,0,0,0,0,0,0,0,0,0.134839972,0,0,0.134839972,0,0,0.134839972,0.134839972,0,0.134839972,0,0.134839972,0.134839972,0.134839972,0,0,0,0,0,0,0.134839972,0.134839972,0,0.134839972,0,0,0,0,0.134839972,0,0.134839972,0,0.134839972,0.134839972
OBSCN,0.140028008,0.140028008,0,0.140028008,0.140028008,0.140028008,0.140028008,0,0.140028008,0.140028008,0,0.140028008,0,0.140028008,0,0,0,0.140028008,0,0,0,0.140028008,0,0,0,0.140028008,0,0,0.140028008,0,0,0,0.140028008,0,0.140028008,0,0,0.140028008,0,0.140028008,0,0.140028008,0.140028008,0,0,0.140028008,0,0,0,0,0,0.140028008,0,0,0,0.140028008,0,0.140028008,0,0.140028008,0.140028008,0,0,0,0.140028008,0.140028008,0.140028008,0.140028008,0.140028008,0,0,0.140028008,0,0.140028008,0,0.140028008,0.140028008,0.140028008,0.140028008,0,0,0,0,0,0.140028008,0,0,0,0,0.140028008,0,0,0.140028008,0.140028008,0,0.140028008,0,0,0,0.140028008,0.140028008,0.140028008,0,0,0,0,0,0.140028008,0.140028008,0,0,0,0,0,0.140028008,0.140028008,0,0,0.140028008,0,0.140028008
RYR2,0,0.169030851,0.169030851,0.169030851,0.169030851,0.169030851,0.169030851,0,0,0,0,0.169030851,0,0,0.169030851,0,0,0,0,0,0,0.169030851,0,0,0,0.169030851,0,0.169030851,0.169030851,0,0,0,0.169030851,0,0,0,0,0.169030851,0.169030851,0,0.169030851,0,0,0,0,0,0,0,0,0,0,0,0,0,0,0.169030851,0.169030851,0,0,0,0.169030851,0,0,0,0,0.169030851,0.169030851,0.169030851,0,0,0,0.169030851,0,0.169030851,0,0,0.169030851,0.169030851,0,0,0,0,0,0,0,0,0,0,0,0.169030851,0,0,0.169030851,0,0,0.169030851,0,0,0,0.169030851,0.169030851,0,0,0,0,0,0,0,0.169030851,0,0,0,0,0,0.169030851,0,0,0,0,0.169030851,0.169030851
CSMD1,0.166666667,0,0.166666667,0,0.166666667,0,0,0,0,0.166666667,0.166666667,0,0,0,0.166666667,0,0.166666667,0,0,0.166666667,0,0.166666667,0,0,0,0,0,0.166666667,0.166666667,0.166666667,0,0,0,0,0,0,0,0.166666667,0,0.166666667,0,0.166666667,0,0,0,0.166666667,0,0,0,0,0,0.166666667,0,0,0,0.166666667,0,0.166666667,0,0.166666667,0.166666667,0.166666667,0,0,0,0,0.166666667,0,0,0,0,0,0,0,0,0,0,0,0,0,0,0,0,0,0,0,0,0,0,0.166666667,0,0,0,0,0,0,0,0,0,0.166666667,0.166666667,0,0.166666667,0.166666667,0,0,0,0.166666667,0.166666667,0,0,0.166666667,0.166666667,0,0,0.166666667,0,0,0.166666667,0.166666667,0.166666667
LRP1B,0.171498585,0.171498585,0.171498585,0.171498585,0,0.171498585,0.171498585,0,0,0,0,0.171498585,0,0,0,0,0,0,0.171498585,0,0,0,0.171498585,0,0.171498585,0,0,0.171498585,0.171498585,0,0.171498585,0,0,0,0,0,0,0.171498585,0,0,0,0,0.171498585,0,0,0,0,0,0,0,0,0.171498585,0,0,0,0.171498585,0,0.171498585,0,0,0.171498585,0,0,0,0,0,0.171498585,0.171498585,0,0,0,0,0,0.171498585,0,0.171498585,0.171498585,0,0,0,0,0,0,0,0,0,0,0,0.171498585,0,0,0,0,0,0,0.171498585,0,0,0,0.171498585,0.171498585,0,0,0.171498585,0.171498585,0,0,0.171498585,0.171498585,0,0,0,0,0,0,0,0,0,0,0.171498585,0.171498585
FLG,0,0.182574186,0.182574186,0,0.182574186,0,0.182574186,0,0,0,0,0,0,0,0,0.182574186,0,0,0.182574186,0,0.182574186,0.182574186,0.182574186,0,0,0,0,0,0.182574186,0,0.182574186,0.182574186,0.182574186,0.182574186,0,0.182574186,0,0,0,0.182574186,0.182574186,0,0.182574186,0,0,0,0.182574186,0,0,0,0,0,0,0,0,0.182574186,0,0.182574186,0,0,0,0,0,0,0,0,0,0,0,0,0,0,0,0.182574186,0,0,0.182574186,0,0,0,0,0,0,0,0,0,0,0,0,0,0,0,0,0,0.182574186,0,0,0,0.182574186,0.182574186,0,0,0.182574186,0,0,0,0,0,0.182574186,0,0,0,0,0,0,0,0,0,0,0.182574186,0.182574186
DNAH5,0.179605302,0,0.179605302,0.179605302,0.179605302,0.179605302,0,0.179605302,0,0.179605302,0,0,0.179605302,0.179605302,0,0,0.179605302,0,0.179605302,0,0,0.179605302,0,0,0,0.179605302,0,0,0.179605302,0,0,0,0,0,0,0,0,0.179605302,0,0,0,0,0,0,0,0,0,0,0,0,0,0.179605302,0,0,0,0.179605302,0,0.179605302,0,0.179605302,0,0,0,0,0,0,0.179605302,0,0,0,0,0,0,0,0,0,0,0,0.179605302,0.179605302,0,0,0,0.179605302,0,0,0,0,0,0.179605302,0,0,0,0,0,0,0,0,0,0,0.179605302,0,0,0,0,0,0,0,0.179605302,0,0,0,0.179605302,0,0,0.179605302,0,0,0.179605302,0.179605302,0.179605302
ABCA13,0.169030851,0.169030851,0,0,0.169030851,0.169030851,0.169030851,0,0,0.169030851,0,0.169030851,0,0,0,0,0,0,0,0,0,0.169030851,0,0,0,0.169030851,0.169030851,0.169030851,0.169030851,0,0,0,0.169030851,0,0,0.169030851,0,0,0,0,0.169030851,0,0.169030851,0,0,0,0,0,0,0,0,0.169030851,0,0,0,0.169030851,0.169030851,0.169030851,0,0,0.169030851,0,0,0,0.169030851,0,0,0,0,0,0,0.169030851,0,0.169030851,0,0,0,0,0,0.169030851,0,0,0,0,0,0,0,0,0,0.169030851,0.169030851,0,0,0,0,0,0,0,0.169030851,0.169030851,0,0,0,0,0,0,0.169030851,0.169030851,0.169030851,0,0,0,0,0,0,0,0,0,0.169030851,0.169030851,0.169030851
DNAH11,0,0,0,0,0,0,0,0,0,0,0,0.166666667,0,0,0.166666667,0,0,0,0,0,0.166666667,0.166666667,0,0,0,0.166666667,0.166666667,0,0.166666667,0,0.166666667,0,0,0,0,0.166666667,0,0,0.166666667,0.166666667,0,0.166666667,0.166666667,0,0,0,0.166666667,0,0,0,0,0,0.166666667,0,0,0.166666667,0,0.166666667,0,0,0.166666667,0,0,0,0.166666667,0,0,0,0,0,0,0,0,0,0,0,0.166666667,0.166666667,0.166666667,0,0,0.166666667,0.166666667,0,0.166666667,0,0,0.166666667,0,0,0,0.166666667,0.166666667,0,0,0.166666667,0,0,0,0.166666667,0.166666667,0,0,0,0,0,0,0.166666667,0.166666667,0,0,0,0,0,0,0.166666667,0,0,0,0.166666667,0.166666667
FBXW7,0.188982237,0.188982237,0.188982237,0,0,0,0,0,0,0,0,0,0,0.188982237,0,0,0,0,0,0,0,0,0,0,0,0.188982237,0,0,0,0,0.188982237,0,0.188982237,0.188982237,0,0,0.188982237,0,0.188982237,0,0.188982237,0,0,0.188982237,0.188982237,0,0,0,0,0,0,0.188982237,0,0,0,0.188982237,0,0,0,0,0,0.188982237,0,0,0.188982237,0,0,0,0,0,0,0,0,0,0,0.188982237,0.188982237,0,0.188982237,0,0,0,0,0,0.188982237,0,0,0.188982237,0,0,0,0,0,0,0,0,0,0,0,0,0,0,0,0,0,0.188982237,0,0.188982237,0.188982237,0,0,0,0.188982237,0,0,0,0,0,0,0.188982237,0.188982237
DST,0,0,0.15430335,0.15430335,0,0.15430335,0.15430335,0,0,0,0,0.15430335,0,0,0.15430335,0,0,0.15430335,0.15430335,0,0,0,0,0,0,0,0.15430335,0,0.15430335,0.15430335,0.15430335,0,0.15430335,0,0,0,0,0.15430335,0,0.15430335,0.15430335,0.15430335,0.15430335,0,0,0,0.15430335,0,0,0,0.15430335,0,0,0,0,0.15430335,0,0,0,0,0.15430335,0.15430335,0.15430335,0,0,0.15430335,0.15430335,0.15430335,0.15430335,0,0,0,0,0.15430335,0,0,0.15430335,0.15430335,0,0,0,0,0,0,0.15430335,0,0,0,0.15430335,0,0,0,0,0.15430335,0,0.15430335,0,0,0,0.15430335,0.15430335,0,0,0,0,0,0,0.15430335,0.15430335,0,0,0,0,0,0,0,0,0,0.15430335,0.15430335,0.15430335
ZFHX4,0,0,0,0.174077656,0.174077656,0,0,0,0,0,0,0,0,0,0.174077656,0,0,0,0,0.174077656,0,0,0,0,0,0.174077656,0,0.174077656,0.174077656,0,0,0,0.174077656,0,0,0.174077656,0,0,0,0,0.174077656,0,0,0.174077656,0,0.174077656,0,0,0,0.174077656,0,0.174077656,0,0,0.174077656,0.174077656,0,0,0,0,0.174077656,0.174077656,0.174077656,0,0,0,0.174077656,0,0,0,0,0.174077656,0,0,0,0,0,0.174077656,0.174077656,0,0,0,0,0,0,0,0,0,0,0.174077656,0,0.174077656,0,0,0,0,0,0,0.174077656,0.174077656,0.174077656,0,0,0,0,0,0,0.174077656,0.174077656,0,0,0,0,0,0.174077656,0,0,0,0,0.174077656,0.174077656
NEB,0.160128154,0,0.160128154,0.160128154,0.160128154,0,0,0,0.160128154,0.160128154,0,0.160128154,0,0.160128154,0.160128154,0.160128154,0,0,0,0,0,0.160128154,0,0,0,0.160128154,0,0,0.160128154,0,0.160128154,0,0,0,0,0.160128154,0,0.160128154,0.160128154,0.160128154,0,0,0.160128154,0,0,0,0,0,0,0,0,0.160128154,0.160128154,0,0,0.160128154,0,0.160128154,0,0,0,0,0.160128154,0,0,0,0,0,0,0,0,0.160128154,0,0,0,0,0,0,0.160128154,0,0,0,0.160128154,0,0,0.160128154,0,0,0,0,0,0,0,0,0.160128154,0,0,0,0.160128154,0.160128154,0.160128154,0,0.160128154,0.160128154,0,0,0,0.160128154,0.160128154,0,0,0,0,0,0,0.160128154,0,0,0,0.160128154,0.160128154
CSMD3,0,0.166666667,0,0,0.166666667,0.166666667,0.166666667,0,0,0.166666667,0,0,0,0.166666667,0.166666667,0,0,0.166666667,0,0,0,0,0,0,0,0,0,0.166666667,0,0,0,0,0.166666667,0,0,0.166666667,0,0,0.166666667,0.166666667,0.166666667,0,0.166666667,0,0.166666667,0,0,0,0,0,0,0.166666667,0,0,0,0.166666667,0,0.166666667,0,0,0.166666667,0,0,0,0,0,0.166666667,0,0.166666667,0,0,0,0,0.166666667,0,0,0.166666667,0.166666667,0,0,0,0,0.166666667,0,0,0,0,0,0,0,0,0.166666667,0,0,0,0,0,0,0.166666667,0,0.166666667,0,0.166666667,0,0,0,0,0.166666667,0.166666667,0,0,0,0.166666667,0,0,0.166666667,0,0,0,0.166666667,0.166666667
PCLO,0,0,0,0,0,0,0,0,0,0.164398987,0,0.164398987,0,0,0.164398987,0.164398987,0,0,0.164398987,0,0,0.164398987,0,0,0,0.164398987,0.164398987,0,0.164398987,0.164398987,0.164398987,0,0,0,0,0,0,0.164398987,0.164398987,0.164398987,0,0,0,0,0,0,0.164398987,0,0,0.164398987,0.164398987,0,0,0,0,0.164398987,0.164398987,0,0,0,0,0.164398987,0,0,0,0.164398987,0.164398987,0.164398987,0.164398987,0,0,0,0,0.164398987,0,0,0,0.164398987,0,0.164398987,0,0,0,0.164398987,0.164398987,0,0,0,0,0,0,0.164398987,0,0.164398987,0,0,0,0,0,0,0.164398987,0,0.164398987,0,0,0,0,0.164398987,0.164398987,0,0,0,0,0,0,0,0,0,0,0.164398987,0.164398987
SOX11,0,0.185695338,0.185695338,0,0.185695338,0,0.185695338,0,0,0.185695338,0,0,0,0,0,0.185695338,0,0,0,0,0,0.185695338,0,0,0,0,0,0,0.185695338,0,0,0,0,0,0,0,0,0.185695338,0,0.185695338,0,0.185695338,0.185695338,0,0,0,0,0,0,0,0,0,0,0,0,0.185695338,0,0.185695338,0,0,0,0,0,0,0,0.185695338,0,0.185695338,0,0,0,0.185695338,0,0,0,0.185695338,0.185695338,0.185695338,0,0,0,0,0.185695338,0,0,0.185695338,0,0,0.185695338,0,0,0.185695338,0,0,0,0,0,0,0,0.185695338,0.185695338,0,0,0,0,0,0,0,0,0,0,0,0,0,0,0,0,0,0.185695338,0.185695338,0.185695338
ADGRV1,0.15430335,0.15430335,0,0.15430335,0,0.15430335,0.15430335,0,0,0.15430335,0,0.15430335,0,0,0,0,0,0,0,0,0,0.15430335,0.15430335,0.15430335,0,0,0.15430335,0,0.15430335,0,0.15430335,0,0.15430335,0,0,0,0,0.15430335,0.15430335,0,0,0,0.15430335,0,0,0.15430335,0,0.15430335,0,0.15430335,0.15430335,0,0,0,0,0.15430335,0,0.15430335,0,0,0,0,0,0.15430335,0.15430335,0.15430335,0.15430335,0.15430335,0.15430335,0,0,0,0,0,0,0,0.15430335,0,0,0,0,0,0,0,0,0,0,0,0,0.15430335,0,0.15430335,0,0,0,0,0,0,0.15430335,0.15430335,0,0,0.15430335,0,0,0,0,0.15430335,0.15430335,0,0,0,0,0,0,0.15430335,0,0.15430335,0.15430335,0.15430335,0.15430335
USH2A,0.185695338,0,0,0,0,0,0.185695338,0,0,0.185695338,0,0.185695338,0,0,0.185695338,0,0,0.185695338,0,0,0,0.185695338,0.185695338,0,0,0,0,0,0.185695338,0,0,0,0,0,0,0.185695338,0,0,0,0.185695338,0.185695338,0,0,0,0,0,0,0,0,0.185695338,0,0.185695338,0,0,0,0.185695338,0,0.185695338,0,0,0.185695338,0,0,0.185695338,0,0.185695338,0.185695338,0.185695338,0,0,0,0,0,0,0,0,0,0,0,0,0,0,0,0,0,0,0,0,0,0.185695338,0,0,0,0,0,0.185695338,0,0,0.185695338,0,0,0,0,0,0.185695338,0,0,0.185695338,0.185695338,0,0,0,0,0,0,0,0,0,0.185695338,0,0.185695338
LRP2,0,0,0,0.169030851,0,0,0,0,0,0.169030851,0,0.169030851,0,0,0.169030851,0,0,0,0,0,0,0.169030851,0.169030851,0.169030851,0.169030851,0.169030851,0,0,0.169030851,0.169030851,0.169030851,0,0,0,0.169030851,0.169030851,0,0.169030851,0,0.169030851,0,0,0.169030851,0,0,0,0.169030851,0,0,0.169030851,0,0.169030851,0,0,0,0.169030851,0,0,0,0,0.169030851,0,0,0,0,0,0.169030851,0,0,0,0,0.169030851,0,0.169030851,0,0,0,0.169030851,0,0,0,0,0,0.169030851,0.169030851,0,0,0.169030851,0,0,0,0,0,0.169030851,0,0,0,0,0,0,0.169030851,0,0,0,0,0,0,0.169030851,0.169030851,0,0,0,0,0,0,0,0,0,0,0.169030851,0.169030851
MACF1,0.15430335,0,0,0.15430335,0.15430335,0.15430335,0.15430335,0,0,0.15430335,0,0,0,0.15430335,0.15430335,0.15430335,0,0,0,0,0,0.15430335,0,0.15430335,0,0.15430335,0,0.15430335,0.15430335,0,0.15430335,0,0,0,0,0.15430335,0,0.15430335,0,0.15430335,0,0,0.15430335,0,0,0.15430335,0.15430335,0,0,0.15430335,0,0,0,0,0,0,0,0.15430335,0,0,0,0.15430335,0,0,0.15430335,0,0.15430335,0.15430335,0.15430335,0,0,0.15430335,0,0.15430335,0,0,0.15430335,0,0,0,0,0,0,0,0.15430335,0,0,0,0,0.15430335,0,0,0,0,0,0.15430335,0,0,0,0.15430335,0.15430335,0,0,0,0.15430335,0,0,0.15430335,0.15430335,0,0,0,0,0,0,0,0,0,0.15430335,0.15430335,0.15430335
FAT3,0,0,0,0,0,0,0.188982237,0.188982237,0,0,0,0,0,0.188982237,0,0,0,0,0,0,0,0,0,0,0,0,0,0.188982237,0.188982237,0,0,0,0.188982237,0,0,0.188982237,0,0,0.188982237,0.188982237,0,0,0,0,0,0,0,0,0,0,0,0,0,0,0,0.188982237,0,0.188982237,0,0.188982237,0.188982237,0,0,0,0,0.188982237,0,0,0.188982237,0,0,0,0.188982237,0,0,0,0,0,0,0.188982237,0,0.188982237,0.188982237,0,0,0,0,0,0,0,0,0.188982237,0,0.188982237,0,0,0,0,0.188982237,0,0,0,0.188982237,0,0,0,0,0,0.188982237,0,0,0,0,0,0,0.188982237,0,0,0.188982237,0.188982237,0.188982237
RYR3,0,0,0,0.164398987,0.164398987,0.164398987,0,0,0,0.164398987,0,0.164398987,0,0,0.164398987,0,0,0,0,0,0,0.164398987,0,0,0,0.164398987,0.164398987,0,0.164398987,0,0,0,0,0,0.164398987,0,0,0,0.164398987,0,0.164398987,0,0.164398987,0,0,0,0.164398987,0,0,0,0,0.164398987,0,0,0,0.164398987,0,0.164398987,0.164398987,0.164398987,0,0.164398987,0.164398987,0,0,0,0.164398987,0,0.164398987,0,0,0.164398987,0,0,0,0,0,0,0,0,0,0,0,0,0,0,0,0,0,0.164398987,0.164398987,0.164398987,0.164398987,0.164398987,0,0,0.164398987,0,0.164398987,0,0,0,0,0,0,0,0,0.164398987,0.164398987,0,0,0,0,0,0,0,0,0,0.164398987,0.164398987,0.164398987
SPTA1,0,0,0.188982237,0,0,0,0.188982237,0,0,0.188982237,0,0,0,0,0,0,0,0,0,0,0,0.188982237,0,0,0,0,0,0,0.188982237,0.188982237,0,0,0,0,0,0,0,0,0,0,0.188982237,0,0,0,0,0.188982237,0,0,0,0.188982237,0,0,0,0,0,0.188982237,0,0,0,0.188982237,0,0,0,0,0,0.188982237,0,0.188982237,0.188982237,0,0,0.188982237,0.188982237,0.188982237,0,0,0,0.188982237,0.188982237,0,0,0,0,0,0,0,0,0,0,0,0,0,0.188982237,0.188982237,0,0,0,0,0,0.188982237,0.188982237,0,0,0,0,0,0,0,0.188982237,0,0,0.188982237,0,0,0,0.188982237,0,0,0,0.188982237,0.188982237
FLRT2,0,0,0,0.188982237,0.188982237,0,0.188982237,0,0,0.188982237,0,0.188982237,0,0,0,0,0,0,0.188982237,0,0,0,0,0.188982237,0,0,0,0,0.188982237,0,0,0,0.188982237,0,0,0,0,0,0.188982237,0,0.188982237,0,0,0,0,0,0,0.188982237,0.188982237,0,0,0,0,0,0,0.188982237,0,0,0.188982237,0.188982237,0,0,0,0,0,0,0.188982237,0,0,0,0,0,0,0.188982237,0,0,0,0,0,0,0,0,0,0,0,0,0.188982237,0,0,0,0,0,0,0.188982237,0,0.188982237,0.188982237,0,0,0.188982237,0,0,0,0,0,0.188982237,0,0.188982237,0.188982237,0,0,0,0,0,0,0,0,0,0,0.188982237,0.188982237
DCHS2,0,0,0,0,0,0.171498585,0.171498585,0,0,0,0,0,0,0,0,0,0,0,0,0,0,0.171498585,0,0,0,0.171498585,0,0,0.171498585,0.171498585,0.171498585,0,0.171498585,0,0,0,0.171498585,0.171498585,0.171498585,0.171498585,0.171498585,0.171498585,0.171498585,0,0,0,0.171498585,0,0,0,0,0,0,0,0,0.171498585,0,0.171498585,0,0,0.171498585,0,0,0.171498585,0.171498585,0.171498585,0,0,0,0,0,0,0,0,0,0,0.171498585,0,0,0.171498585,0,0,0,0,0.171498585,0,0,0,0,0.171498585,0,0,0,0,0.171498585,0,0,0,0.171498585,0,0.171498585,0,0,0,0,0,0,0.171498585,0.171498585,0,0,0,0,0,0,0,0,0,0.171498585,0.171498585,0.171498585
CACNA1E,0,0,0,0,0,0.196116135,0,0,0,0,0,0.196116135,0,0.196116135,0,0,0,0,0,0,0.196116135,0.196116135,0,0,0,0,0.196116135,0,0.196116135,0,0.196116135,0,0.196116135,0,0,0.196116135,0,0,0,0,0,0,0,0,0.196116135,0,0,0,0,0.196116135,0,0.196116135,0,0,0,0,0,0,0,0,0.196116135,0.196116135,0,0.196116135,0,0,0.196116135,0,0,0,0,0,0,0,0,0.196116135,0,0.196116135,0,0.196116135,0,0,0,0,0,0,0,0,0,0.196116135,0,0,0,0,0,0,0,0,0,0,0,0,0,0,0,0,0,0.196116135,0.196116135,0,0,0,0,0,0,0,0,0,0.196116135,0.196116135,0.196116135
UNC80,0,0,0,0,0.208514414,0,0,0,0,0.208514414,0,0,0,0,0,0,0,0.208514414,0,0,0,0,0,0,0,0.208514414,0,0,0.208514414,0.208514414,0,0,0.208514414,0,0,0,0,0,0.208514414,0,0.208514414,0,0,0,0,0,0,0,0,0.208514414,0,0,0.208514414,0,0,0,0,0,0,0,0,0.208514414,0,0,0.208514414,0,0.208514414,0.208514414,0,0,0,0,0,0.208514414,0,0,0,0,0,0,0,0,0.208514414,0,0,0,0,0,0,0,0,0,0,0,0,0,0,0,0,0,0,0.208514414,0.208514414,0,0,0,0,0,0,0,0,0,0,0,0,0,0,0.208514414,0.208514414,0.208514414,0.208514414
DMD,0.185695338,0,0,0,0,0,0,0,0,0,0,0.185695338,0,0,0,0,0,0,0.185695338,0,0,0,0,0,0,0.185695338,0,0.185695338,0.185695338,0.185695338,0,0,0,0.185695338,0,0,0,0,0.185695338,0.185695338,0,0.185695338,0,0,0,0,0,0,0,0,0,0,0,0,0,0.185695338,0,0,0,0,0,0.185695338,0,0,0,0,0.185695338,0,0,0.185695338,0,0.185695338,0,0,0,0.185695338,0,0,0,0,0,0,0,0,0,0,0,0,0,0.185695338,0,0,0,0.185695338,0.185695338,0,0,0,0.185695338,0.185695338,0.185695338,0,0.185695338,0,0.185695338,0,0,0.185695338,0.185695338,0,0,0,0,0,0,0,0,0,0,0.185695338,0.185695338
XIRP2,0,0.188982237,0,0.188982237,0,0,0.188982237,0,0,0,0,0.188982237,0,0,0.188982237,0,0,0,0,0,0,0,0.188982237,0,0,0.188982237,0,0.188982237,0.188982237,0,0.188982237,0,0,0,0,0.188982237,0,0,0,0,0,0,0.188982237,0,0,0,0,0,0,0.188982237,0,0.188982237,0,0,0,0.188982237,0,0,0,0,0,0.188982237,0,0,0,0,0,0,0,0,0,0,0,0,0,0,0.188982237,0,0,0,0,0,0,0.188982237,0,0.188982237,0,0.188982237,0,0,0,0,0,0,0,0.188982237,0,0,0,0.188982237,0.188982237,0,0,0,0,0,0,0.188982237,0.188982237,0,0,0,0.188982237,0,0,0,0,0,0,0.188982237,0.188982237
RYR1,0,0.176776695,0,0,0,0.176776695,0.176776695,0,0,0.176776695,0,0,0,0,0.176776695,0,0.176776695,0.176776695,0.176776695,0,0,0.176776695,0.176776695,0,0,0,0,0,0,0.176776695,0,0,0,0,0,0.176776695,0,0,0.176776695,0,0,0,0,0,0,0,0,0,0,0,0,0,0,0,0,0.176776695,0,0.176776695,0,0,0,0,0.176776695,0,0,0.176776695,0.176776695,0.176776695,0,0,0,0,0,0.176776695,0,0,0.176776695,0,0,0.176776695,0,0,0,0,0.176776695,0,0,0,0,0.176776695,0,0,0.176776695,0,0.176776695,0,0.176776695,0,0.176776695,0,0.176776695,0,0,0,0,0,0,0,0.176776695,0,0,0,0,0,0,0,0,0.176776695,0,0,0.176776695
SDK1,0,0,0.21821789,0.21821789,0.21821789,0,0.21821789,0,0,0,0.21821789,0,0,0,0,0,0,0,0.21821789,0,0,0,0.21821789,0,0,0,0,0,0,0,0.21821789,0,0,0,0.21821789,0,0,0,0,0,0.21821789,0.21821789,0,0,0,0,0,0,0,0,0,0.21821789,0,0,0,0.21821789,0,0,0,0,0.21821789,0,0,0,0,0,0,0,0,0,0,0,0,0,0,0.21821789,0,0,0,0,0,0,0,0,0.21821789,0,0,0,0,0.21821789,0,0,0,0,0,0,0,0,0.21821789,0,0,0,0,0,0,0,0,0,0.21821789,0,0,0,0,0,0,0,0,0,0,0.21821789,0.21821789
FUT9,0,0,0,0,0,0,0,0.196116135,0,0.196116135,0,0,0,0,0.196116135,0,0,0,0,0.196116135,0,0,0.196116135,0,0,0.196116135,0,0,0.196116135,0.196116135,0,0,0,0,0,0,0,0,0,0.196116135,0,0.196116135,0.196116135,0,0,0,0,0,0,0.196116135,0,0.196116135,0,0,0,0.196116135,0,0.196116135,0,0,0,0,0,0,0,0,0.196116135,0,0,0,0,0,0,0,0,0,0.196116135,0,0.196116135,0,0,0,0.196116135,0,0,0,0,0,0,0,0,0,0,0,0,0,0,0,0.196116135,0.196116135,0.196116135,0,0,0,0,0,0,0,0.196116135,0,0,0,0.196116135,0,0,0,0,0,0,0.196116135,0.196116135
NPAP1,0,0,0,0,0.196116135,0,0.196116135,0,0,0.196116135,0,0,0,0,0,0,0,0,0.196116135,0,0,0,0.196116135,0,0,0.196116135,0,0.196116135,0.196116135,0,0.196116135,0,0,0,0,0,0,0,0,0,0.196116135,0.196116135,0,0.196116135,0,0,0,0,0,0,0,0.196116135,0,0,0,0,0,0,0,0,0.196116135,0.196116135,0,0,0,0,0,0,0,0,0,0,0,0,0,0,0,0,0.196116135,0,0,0,0,0.196116135,0,0,0,0,0,0.196116135,0,0,0,0.196116135,0,0,0,0,0.196116135,0,0,0,0.196116135,0,0,0,0,0,0.196116135,0,0.196116135,0,0,0,0,0,0,0.196116135,0,0.196116135,0.196116135
PCDH15,0,0,0,0,0,0,0,0,0,0,0,0,0,0.204124145,0.204124145,0,0,0,0,0,0,0,0,0,0.204124145,0.204124145,0,0,0.204124145,0,0,0,0,0,0,0,0,0.204124145,0.204124145,0.204124145,0,0,0,0,0,0,0,0,0.204124145,0.204124145,0,0,0,0,0,0.204124145,0,0,0,0,0,0.204124145,0,0,0.204124145,0,0,0,0,0,0,0.204124145,0,0.204124145,0,0,0,0,0,0.204124145,0,0,0,0,0,0,0,0.204124145,0,0,0,0,0,0,0,0.204124145,0,0,0,0,0.204124145,0,0,0,0,0,0,0.204124145,0.204124145,0,0,0,0,0,0.204124145,0,0,0,0,0.204124145,0.204124145
HMCN1,0,0.176776695,0.176776695,0,0,0,0.176776695,0,0,0,0,0.176776695,0,0.176776695,0,0,0,0,0,0,0,0.176776695,0,0,0,0.176776695,0,0,0.176776695,0,0,0,0,0.176776695,0,0,0,0,0,0.176776695,0,0,0.176776695,0,0,0,0.176776695,0,0,0,0,0.176776695,0,0,0,0.176776695,0,0.176776695,0,0,0,0.176776695,0,0,0.176776695,0,0.176776695,0,0.176776695,0,0.176776695,0,0,0,0,0,0,0.176776695,0.176776695,0,0,0,0,0,0.176776695,0.176776695,0,0,0,0,0,0,0,0,0,0,0,0,0.176776695,0.176776695,0,0,0,0,0,0,0,0.176776695,0.176776695,0,0,0,0,0.176776695,0,0,0,0.176776695,0,0.176776695,0.176776695
CCDC168,0,0,0,0,0.185695338,0,0.185695338,0,0,0.185695338,0,0,0,0,0,0.185695338,0,0,0,0,0,0,0.185695338,0.185695338,0,0.185695338,0.185695338,0,0.185695338,0,0.185695338,0,0,0,0,0,0,0,0,0,0.185695338,0,0,0,0,0.185695338,0,0,0,0.185695338,0,0,0,0,0,0.185695338,0,0,0,0.185695338,0,0.185695338,0,0,0,0,0,0,0,0,0,0,0,0,0,0.185695338,0,0,0.185695338,0,0,0,0,0.185695338,0.185695338,0.185695338,0.185695338,0.185695338,0,0.185695338,0,0,0,0,0,0,0,0,0.185695338,0.185695338,0.185695338,0,0,0,0,0,0,0,0,0,0,0,0,0,0,0,0,0,0,0.185695338,0.185695338
SACS,0.21821789,0,0,0,0,0,0,0,0,0.21821789,0,0,0,0,0.21821789,0.21821789,0,0,0,0,0,0,0,0,0,0,0,0,0.21821789,0,0,0,0.21821789,0,0,0,0,0,0.21821789,0,0.21821789,0,0,0,0.21821789,0,0.21821789,0,0,0.21821789,0,0,0,0,0,0.21821789,0.21821789,0,0,0,0,0,0,0,0,0,0,0,0.21821789,0,0,0.21821789,0,0,0,0,0.21821789,0,0,0,0,0,0.21821789,0,0,0,0,0.21821789,0,0,0,0,0,0,0,0,0,0,0,0,0,0,0,0,0,0,0,0,0.21821789,0,0,0,0,0,0,0,0,0,0,0.21821789,0.21821789
BRAF,0.15249857,0.15249857,0.15249857,0.15249857,0.15249857,0,0.15249857,0,0,0,0.15249857,0,0,0.15249857,0.15249857,0,0,0.15249857,0,0,0,0,0.15249857,0,0,0.15249857,0,0.15249857,0,0.15249857,0,0,0.15249857,0,0,0.15249857,0,0.15249857,0.15249857,0.15249857,0.15249857,0.15249857,0,0,0,0,0.15249857,0,0,0.15249857,0,0,0,0,0,0.15249857,0,0,0.15249857,0,0,0.15249857,0.15249857,0,0,0,0.15249857,0.15249857,0,0,0,0,0,0.15249857,0,0,0.15249857,0.15249857,0,0,0,0,0.15249857,0,0.15249857,0,0,0,0,0.15249857,0,0,0.15249857,0,0,0,0,0,0.15249857,0.15249857,0,0,0.15249857,0,0,0,0,0,0.15249857,0,0,0,0,0,0,0,0,0,0.15249857,0.15249857,0.15249857
MUC5B,0.169030851,0,0.169030851,0.169030851,0.169030851,0.169030851,0.169030851,0,0,0.169030851,0,0.169030851,0,0.169030851,0,0,0,0,0,0,0,0.169030851,0,0,0,0,0,0.169030851,0,0,0.169030851,0,0,0,0,0,0,0.169030851,0.169030851,0,0.169030851,0.169030851,0,0,0,0,0.169030851,0,0,0.169030851,0.169030851,0.169030851,0,0,0,0.169030851,0,0.169030851,0,0.169030851,0.169030851,0,0,0,0.169030851,0.169030851,0,0,0,0,0,0,0,0,0,0.169030851,0,0,0,0,0,0,0,0,0,0,0,0,0,0.169030851,0,0.169030851,0,0,0,0.169030851,0,0,0.169030851,0.169030851,0.169030851,0,0,0,0,0,0,0,0,0,0,0,0,0,0,0,0,0,0,0.169030851,0.169030851
KIAA1109,0,0,0,0,0,0,0.185695338,0,0,0.185695338,0,0.185695338,0,0,0,0.185695338,0,0.185695338,0.185695338,0,0,0.185695338,0,0,0,0.185695338,0,0.185695338,0,0,0,0,0.185695338,0,0,0,0,0.185695338,0.185695338,0.185695338,0,0.185695338,0.185695338,0,0,0,0,0,0,0.185695338,0.185695338,0,0,0,0,0,0,0.185695338,0,0,0.185695338,0,0,0,0,0,0,0,0,0,0,0,0,0,0,0,0.185695338,0.185695338,0,0,0,0,0,0,0.185695338,0,0,0,0,0.185695338,0,0,0,0.185695338,0,0,0,0,0,0.185695338,0,0,0,0,0,0,0,0.185695338,0.185695338,0,0,0,0,0,0,0,0,0,0.185695338,0,0.185695338
COL6A3,0,0.196116135,0,0.196116135,0.196116135,0,0.196116135,0,0,0,0,0,0,0,0.196116135,0,0,0,0.196116135,0,0,0,0,0,0,0.196116135,0,0,0,0,0.196116135,0,0,0,0,0,0,0,0.196116135,0,0,0,0,0.196116135,0,0,0.196116135,0,0,0,0,0.196116135,0,0,0,0,0,0.196116135,0,0,0,0,0,0,0,0,0.196116135,0.196116135,0.196116135,0,0,0,0,0,0.196116135,0,0.196116135,0,0,0,0,0,0,0,0.196116135,0,0,0,0,0.196116135,0,0,0,0,0.196116135,0,0,0,0,0,0,0,0,0,0,0,0,0,0.196116135,0,0,0,0,0,0.196116135,0,0,0,0.196116135,0.196116135,0.196116135
EYS,0,0,0,0,0,0,0,0,0,0,0,0,0,0,0,0.208514414,0,0,0,0,0,0,0,0,0,0,0,0,0.208514414,0,0,0,0,0,0,0,0,0,0.208514414,0,0,0,0,0,0.208514414,0.208514414,0,0,0,0,0,0,0,0,0,0.208514414,0,0,0,0.208514414,0,0,0,0,0,0,0.208514414,0,0,0.208514414,0,0,0.208514414,0.208514414,0,0,0.208514414,0,0.208514414,0,0,0,0.208514414,0,0,0,0.208514414,0,0,0.208514414,0,0,0,0,0,0.208514414,0,0,0,0,0.208514414,0,0,0,0,0,0,0,0.208514414,0,0,0,0,0,0,0,0.208514414,0,0.208514414,0.208514414,0.208514414
CSMD2,0,0,0.213200716,0,0.213200716,0,0,0,0,0.213200716,0.213200716,0.213200716,0,0.213200716,0,0,0,0,0,0,0,0.213200716,0,0,0,0.213200716,0,0,0.213200716,0,0,0,0,0,0,0,0,0,0,0.213200716,0,0,0,0.213200716,0,0,0,0,0,0.213200716,0,0.213200716,0,0,0,0,0,0.213200716,0,0,0,0,0,0,0,0,0,0,0,0,0,0,0,0,0,0,0,0.213200716,0,0,0,0,0,0,0,0,0,0,0,0,0,0,0,0,0,0,0,0,0,0.213200716,0.213200716,0,0,0,0,0,0,0.213200716,0.213200716,0,0,0,0,0,0,0,0,0,0.213200716,0.213200716,0.213200716
DNAH17,0.19245009,0,0,0,0,0,0.19245009,0,0,0.19245009,0,0.19245009,0,0.19245009,0,0,0,0,0.19245009,0,0,0.19245009,0,0,0,0,0,0.19245009,0.19245009,0,0,0,0.19245009,0,0,0,0,0.19245009,0.19245009,0,0,0,0,0,0,0,0,0,0,0.19245009,0,0.19245009,0,0,0,0.19245009,0,0.19245009,0,0,0.19245009,0,0,0,0,0,0.19245009,0,0,0,0,0,0,0.19245009,0,0,0,0.19245009,0,0,0,0,0,0,0.19245009,0,0,0,0,0,0,0,0,0,0,0,0,0,0,0,0.19245009,0,0,0,0,0,0,0,0.19245009,0,0,0,0,0,0,0.19245009,0,0,0.19245009,0.19245009,0.19245009
ATM,0,0,0,0.2,0,0.2,0,0.2,0,0,0.2,0.2,0,0,0,0,0,0,0,0,0.2,0,0,0,0,0,0,0,0.2,0,0.2,0,0.2,0,0,0,0,0,0,0,0.2,0,0,0,0,0,0,0,0,0,0,0,0,0,0,0.2,0,0,0,0,0,0,0,0,0.2,0,0.2,0,0,0,0,0.2,0,0,0,0,0.2,0,0,0,0,0,0,0,0.2,0,0,0,0,0,0,0,0,0.2,0,0,0,0,0,0.2,0.2,0,0,0,0,0,0,0.2,0.2,0,0,0,0,0,0,0,0,0.2,0.2,0.2,0.2
COL12A1,0,0,0.185695338,0.185695338,0,0,0.185695338,0,0,0.185695338,0,0.185695338,0,0,0,0.185695338,0,0.185695338,0,0,0,0,0,0,0.185695338,0.185695338,0.185695338,0,0.185695338,0,0,0,0,0,0.185695338,0.185695338,0.185695338,0,0,0,0,0.185695338,0.185695338,0,0,0,0,0,0,0.185695338,0,0,0,0,0,0.185695338,0,0,0,0,0,0.185695338,0,0,0.185695338,0,0.185695338,0,0.185695338,0,0,0,0,0,0,0,0,0.185695338,0,0,0,0,0,0,0,0,0,0,0,0.185695338,0,0,0,0,0,0,0,0,0,0,0.185695338,0,0.185695338,0,0,0,0,0.185695338,0.185695338,0,0,0,0,0,0,0,0,0,0,0.185695338,0
ANK2,0,0.19245009,0.19245009,0,0,0,0,0,0,0,0,0.19245009,0,0,0.19245009,0,0,0,0,0,0,0.19245009,0.19245009,0,0,0,0,0,0.19245009,0.19245009,0,0,0.19245009,0,0.19245009,0.19245009,0,0,0.19245009,0,0,0,0,0,0,0,0,0,0,0,0,0,0,0.19245009,0,0.19245009,0.19245009,0,0,0,0,0.19245009,0,0,0,0,0,0,0,0,0,0,0,0,0,0.19245009,0.19245009,0,0,0,0.19245009,0,0.19245009,0,0.19245009,0,0,0,0,0,0,0,0,0,0,0.19245009,0,0,0,0,0,0,0,0,0,0,0,0.19245009,0.19245009,0,0,0,0.19245009,0,0,0,0,0,0,0.19245009,0.19245009
TENM3,0,0,0.185695338,0.185695338,0,0,0.185695338,0,0,0.185695338,0,0.185695338,0,0,0,0,0,0.185695338,0,0,0,0.185695338,0,0,0,0.185695338,0,0,0.185695338,0.185695338,0.185695338,0,0.185695338,0,0.185695338,0,0,0,0,0.185695338,0,0,0,0,0,0,0,0,0,0,0,0.185695338,0,0,0,0,0,0.185695338,0,0.185695338,0.185695338,0,0,0,0,0,0,0,0,0,0,0.185695338,0,0,0,0,0.185695338,0.185695338,0,0,0,0,0.185695338,0,0.185695338,0,0,0,0,0.185695338,0,0,0,0,0,0,0,0,0,0,0,0,0,0,0,0,0,0.185695338,0.185695338,0,0,0,0,0,0,0,0,0,0.185695338,0.185695338,0.185695338
UNC13C,0,0,0.242535625,0.242535625,0,0,0,0,0,0,0.242535625,0.242535625,0,0,0,0,0,0.242535625,0.242535625,0,0,0,0,0,0,0,0,0,0.242535625,0,0,0,0,0,0,0,0,0,0,0,0,0,0,0,0,0,0,0,0,0,0,0,0,0,0,0,0,0,0.242535625,0,0,0,0,0,0,0,0,0,0,0,0,0,0,0,0,0,0,0,0,0,0,0,0.242535625,0,0,0,0,0,0,0,0,0,0,0,0.242535625,0,0,0,0,0.242535625,0.242535625,0,0,0,0,0,0,0.242535625,0.242535625,0,0,0,0.242535625,0,0,0,0,0,0,0.242535625,0.242535625
SMAD4,0,0.204124145,0,0,0,0,0,0,0,0,0,0,0,0,0,0.204124145,0,0,0,0,0,0.204124145,0,0,0,0,0,0,0,0,0,0,0,0,0.204124145,0,0,0,0,0,0,0,0,0.204124145,0,0,0,0.204124145,0,0.204124145,0,0,0,0.204124145,0.204124145,0.204124145,0.204124145,0,0,0,0.204124145,0,0,0,0,0,0,0.204124145,0,0,0.204124145,0,0,0,0,0,0,0,0,0,0,0.204124145,0,0,0,0,0,0,0,0,0,0,0,0.204124145,0,0,0.204124145,0,0,0,0.204124145,0,0,0.204124145,0,0,0,0,0.204124145,0.204124145,0,0.204124145,0,0.204124145,0,0,0,0,0,0.204124145,0
HYDIN,0,0,0,0.208514414,0,0,0.208514414,0,0.208514414,0,0,0,0,0,0,0,0,0,0,0,0.208514414,0.208514414,0,0,0,0,0,0,0.208514414,0,0,0,0.208514414,0,0,0.208514414,0,0,0.208514414,0,0,0,0,0,0,0,0,0,0,0.208514414,0,0.208514414,0,0,0,0.208514414,0,0.208514414,0,0,0,0,0,0,0,0,0,0.208514414,0,0,0,0.208514414,0,0,0,0.208514414,0,0,0,0,0,0.208514414,0,0,0.208514414,0,0,0,0,0.208514414,0,0,0,0,0,0,0,0,0,0,0,0,0,0,0,0,0,0,0.208514414,0,0,0,0,0.208514414,0,0,0,0,0,0.208514414,0.208514414
TRPS1,0,0,0,0.23570226,0,0,0,0,0,0,0,0,0,0.23570226,0.23570226,0,0,0,0,0,0,0,0,0,0,0,0,0,0.23570226,0,0.23570226,0.23570226,0.23570226,0,0,0.23570226,0,0,0,0,0,0,0,0,0,0,0,0,0,0,0,0,0,0,0,0,0,0,0,0,0,0,0,0,0,0,0,0,0.23570226,0,0,0,0,0.23570226,0,0,0,0.23570226,0,0,0,0,0,0,0.23570226,0.23570226,0,0,0,0,0,0,0,0,0,0,0,0,0,0.23570226,0,0,0,0,0,0,0,0,0.23570226,0,0,0,0.23570226,0,0,0,0,0,0,0.23570226,0.23570226
PCDHA9,0,0,0,0,0,0,0.208514414,0,0,0,0,0,0,0.208514414,0,0,0,0.208514414,0,0,0,0.208514414,0,0,0,0,0,0.208514414,0.208514414,0,0,0,0.208514414,0,0,0.208514414,0,0,0.208514414,0,0,0,0,0,0,0,0,0,0,0,0,0,0.208514414,0,0,0,0,0.208514414,0.208514414,0,0,0.208514414,0,0,0.208514414,0,0,0,0.208514414,0,0,0,0,0,0,0,0,0.208514414,0,0,0,0,0,0.208514414,0,0,0,0,0,0,0,0,0,0,0,0.208514414,0,0,0,0,0.208514414,0,0,0,0,0,0,0,0.208514414,0,0.208514414,0,0,0,0,0,0,0,0,0.208514414,0.208514414
SSPO,0,0,0,0.19245009,0,0.19245009,0,0.19245009,0,0,0,0,0,0,0.19245009,0,0,0,0,0,0,0,0,0,0,0,0.19245009,0,0.19245009,0,0.19245009,0,0.19245009,0,0,0,0,0.19245009,0.19245009,0.19245009,0.19245009,0,0,0,0,0,0,0,0,0,0,0.19245009,0,0,0,0,0,0,0,0,0,0,0,0,0,0.19245009,0.19245009,0.19245009,0,0.19245009,0,0,0,0,0,0,0.19245009,0,0,0,0,0,0,0,0,0,0,0,0,0,0,0.19245009,0,0,0,0.19245009,0,0,0.19245009,0,0.19245009,0,0.19245009,0,0,0,0,0,0.19245009,0,0,0,0,0,0,0,0,0,0.19245009,0.19245009,0.19245009
PCDH17,0,0.213200716,0.213200716,0,0,0,0,0.213200716,0,0.213200716,0,0.213200716,0,0,0.213200716,0,0,0,0,0,0,0,0,0,0,0,0,0,0.213200716,0,0.213200716,0,0.213200716,0,0,0.213200716,0,0,0,0,0,0,0,0,0,0.213200716,0,0,0,0,0,0,0,0,0,0,0,0,0.213200716,0,0.213200716,0,0,0,0,0,0,0.213200716,0,0,0.213200716,0,0,0.213200716,0,0,0.213200716,0,0,0,0,0,0,0,0,0,0,0,0,0.213200716,0,0,0,0,0,0,0,0,0,0.213200716,0,0,0.213200716,0,0,0,0,0,0.213200716,0,0,0,0,0,0,0,0,0,0,0,0.213200716
AHNAK2,0.182574186,0,0.182574186,0.182574186,0,0,0,0,0,0.182574186,0,0.182574186,0,0,0.182574186,0.182574186,0,0,0.182574186,0,0,0,0,0,0,0,0,0,0,0,0,0,0,0,0,0,0,0.182574186,0.182574186,0,0,0.182574186,0,0,0,0,0.182574186,0,0.182574186,0.182574186,0,0,0,0,0,0.182574186,0,0.182574186,0,0.182574186,0,0,0,0,0,0,0.182574186,0,0,0,0,0,0,0,0,0,0.182574186,0,0,0,0,0,0,0,0,0,0,0,0.182574186,0.182574186,0,0,0,0.182574186,0,0.182574186,0,0,0,0,0.182574186,0,0.182574186,0,0,0,0,0.182574186,0.182574186,0,0.182574186,0,0,0,0,0,0,0,0,0.182574186,0.182574186
FREM2,0.204124145,0,0,0,0,0,0.204124145,0,0,0.204124145,0,0,0,0,0,0,0.204124145,0,0,0,0,0,0,0,0,0,0,0,0.204124145,0,0,0,0,0,0.204124145,0,0,0,0.204124145,0,0.204124145,0.204124145,0.204124145,0,0,0,0,0,0,0.204124145,0,0,0,0,0,0,0,0.204124145,0,0,0,0,0,0,0,0,0,0,0,0,0,0,0,0,0,0,0,0,0,0,0,0,0,0,0,0,0,0,0,0.204124145,0,0,0,0.204124145,0,0,0.204124145,0,0.204124145,0.204124145,0.204124145,0,0,0,0.204124145,0,0,0,0.204124145,0,0,0,0,0,0.204124145,0,0,0,0.204124145,0.204124145,0.204124145
DNAH10,0,0,0,0.196116135,0,0,0,0,0,0,0.196116135,0,0,0,0.196116135,0,0,0,0,0,0,0,0,0,0.196116135,0.196116135,0,0,0.196116135,0,0,0,0.196116135,0,0,0.196116135,0,0,0,0.196116135,0,0,0,0,0,0,0,0,0,0.196116135,0,0,0,0,0,0.196116135,0,0.196116135,0,0,0,0,0,0,0,0,0,0.196116135,0.196116135,0,0,0,0,0,0,0,0.196116135,0.196116135,0,0,0,0,0,0,0.196116135,0,0,0,0,0,0,0.196116135,0,0,0,0.196116135,0,0,0.196116135,0.196116135,0.196116135,0,0,0,0,0,0,0.196116135,0.196116135,0,0,0,0,0,0,0,0,0,0,0.196116135,0.196116135
HERC2,0,0,0.179605302,0,0.179605302,0,0.179605302,0,0,0.179605302,0,0,0,0.179605302,0.179605302,0,0,0,0,0,0,0,0,0,0,0,0,0.179605302,0.179605302,0,0,0.179605302,0.179605302,0,0,0,0,0,0,0,0,0.179605302,0,0,0,0,0.179605302,0,0,0,0,0.179605302,0,0,0,0,0,0,0,0.179605302,0.179605302,0.179605302,0,0,0.179605302,0,0.179605302,0,0,0,0,0,0,0,0,0.179605302,0.179605302,0.179605302,0,0,0,0.179605302,0,0,0,0,0,0,0,0,0,0,0,0,0,0.179605302,0,0,0,0.179605302,0.179605302,0,0.179605302,0,0,0,0,0.179605302,0.179605302,0,0,0,0,0,0,0.179605302,0,0,0,0.179605302,0.179605302
NBEA,0.21821789,0,0,0.21821789,0,0.21821789,0.21821789,0,0,0,0,0,0,0,0,0,0,0,0,0,0,0,0,0,0,0.21821789,0,0,0.21821789,0,0,0,0,0,0,0,0,0,0,0,0,0,0,0,0,0,0,0,0,0.21821789,0,0,0,0,0,0.21821789,0,0.21821789,0,0,0.21821789,0,0,0,0,0,0,0.21821789,0,0,0,0,0,0,0,0.21821789,0,0,0,0,0,0,0,0,0,0,0,0,0,0,0.21821789,0,0,0,0,0,0,0,0.21821789,0,0,0,0.21821789,0,0,0,0,0.21821789,0.21821789,0,0,0,0,0,0,0,0,0.21821789,0.21821789,0.21821789,0.21821789
PCDH11X,0,0,0.21821789,0,0,0,0.21821789,0,0,0,0,0.21821789,0,0,0.21821789,0,0,0,0,0,0,0,0,0,0,0,0.21821789,0,0.21821789,0,0,0,0,0,0.21821789,0,0.21821789,0,0,0,0,0.21821789,0,0,0,0,0,0,0,0,0,0.21821789,0,0,0,0.21821789,0,0,0,0,0,0,0,0,0,0,0,0,0,0,0,0,0,0,0,0,0,0,0,0,0,0,0,0.21821789,0,0,0,0,0,0,0,0.21821789,0,0.21821789,0,0.21821789,0,0,0,0,0,0,0,0.21821789,0.21821789,0,0,0.21821789,0.21821789,0,0,0,0,0,0,0,0,0,0.21821789,0.21821789,0
MDN1,0,0,0,0.185695338,0.185695338,0.185695338,0,0,0,0.185695338,0,0.185695338,0,0,0.185695338,0,0,0.185695338,0,0,0,0,0.185695338,0,0,0,0,0,0.185695338,0,0,0,0.185695338,0,0,0,0,0,0.185695338,0.185695338,0,0,0,0,0,0,0.185695338,0,0,0.185695338,0,0,0,0,0,0.185695338,0,0.185695338,0,0,0.185695338,0,0,0,0,0.185695338,0,0,0,0,0,0,0,0,0,0,0,0,0,0,0,0,0,0,0,0,0,0,0,0,0,0.185695338,0.185695338,0,0,0.185695338,0,0,0,0.185695338,0.185695338,0.185695338,0.185695338,0,0,0,0,0,0.185695338,0,0,0,0,0,0,0.185695338,0,0,0,0.185695338,0.185695338
TNXB,0,0.204124145,0.204124145,0,0,0,0.204124145,0.204124145,0,0,0,0,0,0,0,0,0,0,0,0,0,0.204124145,0.204124145,0,0,0,0,0,0,0,0,0,0,0,0,0,0,0,0.204124145,0,0,0,0,0,0,0,0,0,0,0.204124145,0,0,0,0,0,0,0,0.204124145,0,0,0,0,0,0.204124145,0,0.204124145,0,0,0.204124145,0,0,0,0,0,0,0,0.204124145,0.204124145,0,0.204124145,0,0.204124145,0,0,0,0.204124145,0,0,0,0.204124145,0,0.204124145,0,0,0.204124145,0,0,0,0,0.204124145,0.204124145,0,0,0,0,0,0,0,0.204124145,0,0,0,0,0,0,0,0,0,0,0.204124145,0
DNAH8,0,0.204124145,0,0.204124145,0,0,0,0,0,0.204124145,0,0.204124145,0,0,0,0,0,0,0,0,0,0.204124145,0,0,0,0,0,0,0,0,0.204124145,0,0,0,0,0,0,0,0.204124145,0.204124145,0,0,0.204124145,0,0,0,0,0,0,0.204124145,0,0,0,0,0,0.204124145,0,0,0,0,0,0,0,0,0,0.204124145,0,0,0,0,0,0,0,0.204124145,0,0,0,0,0,0,0,0,0,0.204124145,0,0,0,0.204124145,0,0.204124145,0,0.204124145,0,0.204124145,0,0,0,0,0,0.204124145,0,0,0,0,0,0,0,0.204124145,0.204124145,0,0,0.204124145,0,0,0,0,0,0,0,0.204124145,0.204124145
DNAH3,0,0,0.188982237,0,0.188982237,0.188982237,0,0,0,0,0,0,0,0,0.188982237,0,0,0.188982237,0.188982237,0,0,0,0.188982237,0,0,0,0.188982237,0,0.188982237,0,0.188982237,0,0,0,0,0.188982237,0,0.188982237,0.188982237,0,0.188982237,0,0,0,0,0,0.188982237,0,0,0.188982237,0,0,0,0,0,0.188982237,0.188982237,0.188982237,0,0,0.188982237,0,0,0,0.188982237,0,0.188982237,0,0,0,0,0,0,0,0,0,0,0,0,0,0,0,0,0,0,0,0,0,0,0,0,0.188982237,0,0,0,0,0,0,0.188982237,0.188982237,0,0,0,0,0,0,0,0,0.188982237,0,0,0,0,0,0,0,0,0,0,0.188982237,0.188982237
ROBO1,0,0.196116135,0.196116135,0,0,0,0.196116135,0.196116135,0,0,0,0.196116135,0,0,0.196116135,0,0,0,0,0,0,0,0,0,0,0.196116135,0,0.196116135,0,0,0,0,0,0,0.196116135,0,0,0,0,0,0.196116135,0,0,0,0,0,0,0,0,0,0,0.196116135,0,0,0,0.196116135,0,0,0,0.196116135,0.196116135,0.196116135,0,0.196116135,0,0,0.196116135,0,0.196116135,0,0,0,0.196116135,0.196116135,0,0,0,0,0,0,0,0,0,0,0.196116135,0,0,0,0,0,0,0,0,0,0,0.196116135,0,0,0,0,0,0,0,0,0,0,0,0,0.196116135,0,0,0,0,0,0,0,0,0,0.196116135,0.196116135,0.196116135
VPS13B,0,0,0.19245009,0,0.19245009,0.19245009,0.19245009,0,0,0,0,0.19245009,0,0.19245009,0.19245009,0.19245009,0,0,0,0,0,0.19245009,0,0,0,0,0,0.19245009,0.19245009,0,0.19245009,0,0.19245009,0,0,0,0,0,0,0,0.19245009,0,0,0,0,0,0,0,0,0,0,0,0,0,0,0.19245009,0,0.19245009,0,0.19245009,0,0,0,0,0,0.19245009,0,0,0.19245009,0,0,0.19245009,0,0,0,0.19245009,0,0.19245009,0.19245009,0,0,0,0,0,0,0,0,0,0,0,0,0,0,0,0,0.19245009,0,0,0,0,0,0,0,0,0,0,0,0,0.19245009,0,0,0,0.19245009,0,0,0,0,0,0,0.19245009,0
RIMS1,0,0,0,0,0,0.185695338,0.185695338,0,0,0,0,0,0,0.185695338,0.185695338,0,0,0.185695338,0,0,0,0.185695338,0,0,0,0,0,0.185695338,0.185695338,0.185695338,0.185695338,0,0.185695338,0,0,0,0,0.185695338,0.185695338,0,0.185695338,0.185695338,0,0,0,0,0.185695338,0,0,0,0,0,0.185695338,0,0,0,0.185695338,0,0,0.185695338,0,0,0,0,0,0,0,0,0,0,0,0,0,0,0,0,0,0.185695338,0,0,0,0,0,0,0.185695338,0,0,0,0,0.185695338,0,0,0,0,0,0,0,0,0.185695338,0,0.185695338,0,0,0,0,0,0,0.185695338,0.185695338,0,0,0,0,0,0,0,0,0,0.185695338,0.185695338,0.185695338
NRXN1,0,0,0,0,0.229415734,0,0,0,0,0,0,0,0,0,0.229415734,0,0,0.229415734,0.229415734,0,0,0.229415734,0,0,0,0,0,0.229415734,0,0,0,0.229415734,0.229415734,0,0,0,0,0,0,0,0,0,0,0,0,0,0,0,0,0,0,0,0,0,0,0.229415734,0,0,0,0,0.229415734,0,0,0,0,0,0.229415734,0,0,0.229415734,0,0,0,0.229415734,0,0,0,0,0,0,0,0,0,0,0,0,0,0,0,0,0,0,0,0,0,0,0,0,0,0,0.229415734,0,0,0,0,0.229415734,0,0,0.229415734,0,0,0,0,0,0,0.229415734,0,0,0,0.229415734,0.229415734
AMER1,0,0,0,0,0,0,0.23570226,0,0.23570226,0.23570226,0,0,0.23570226,0,0,0,0,0,0,0,0,0.23570226,0,0,0,0,0,0.23570226,0,0,0,0,0,0,0,0,0,0,0,0.23570226,0,0,0.23570226,0.23570226,0,0,0,0.23570226,0.23570226,0,0,0,0,0,0,0,0.23570226,0,0,0,0,0,0,0,0,0,0,0,0,0,0,0,0,0,0,0,0,0,0,0,0,0,0,0,0,0,0,0,0,0,0,0,0,0,0,0,0,0,0,0,0,0.23570226,0,0,0,0,0,0.23570226,0.23570226,0,0,0,0,0,0.23570226,0,0,0.23570226,0,0.23570226,0
DYNC2H1,0,0,0.21821789,0,0,0,0.21821789,0,0,0,0,0,0,0,0,0,0,0,0.21821789,0,0,0,0.21821789,0,0,0,0,0,0.21821789,0,0.21821789,0,0,0,0,0,0,0.21821789,0.21821789,0,0,0.21821789,0,0,0,0,0.21821789,0,0,0,0,0,0,0,0,0.21821789,0,0.21821789,0,0,0,0,0,0,0,0,0,0,0,0,0,0,0,0,0,0,0.21821789,0,0,0,0,0,0,0,0.21821789,0,0,0,0,0.21821789,0,0,0.21821789,0,0,0,0,0,0,0,0,0,0,0,0,0,0,0.21821789,0.21821789,0,0,0,0,0,0,0,0,0,0.21821789,0.21821789,0.21821789
RELN,0,0.182574186,0.182574186,0,0,0,0,0,0,0,0.182574186,0.182574186,0.182574186,0.182574186,0.182574186,0,0.182574186,0,0,0,0,0,0,0,0,0.182574186,0,0,0.182574186,0,0,0,0,0,0,0,0,0,0.182574186,0,0,0,0,0,0,0,0,0,0.182574186,0,0,0.182574186,0,0,0.182574186,0.182574186,0,0,0,0,0,0.182574186,0,0,0,0,0,0,0.182574186,0.182574186,0,0,0.182574186,0,0,0,0,0.182574186,0,0.182574186,0,0,0,0,0,0,0,0,0,0,0,0,0,0,0.182574186,0,0,0,0,0.182574186,0,0,0.182574186,0,0,0.182574186,0,0.182574186,0.182574186,0,0,0,0,0,0,0.182574186,0,0,0,0.182574186,0.182574186
XKR4,0.204124145,0,0,0.204124145,0,0,0,0,0,0,0,0,0,0,0,0,0,0,0,0.204124145,0,0,0,0,0,0.204124145,0,0,0,0,0,0,0.204124145,0,0,0.204124145,0,0,0.204124145,0,0.204124145,0,0,0,0,0,0.204124145,0,0,0.204124145,0,0.204124145,0,0,0,0,0,0.204124145,0,0,0,0.204124145,0.204124145,0,0.204124145,0,0.204124145,0,0,0,0,0,0,0.204124145,0,0,0.204124145,0,0.204124145,0,0,0.204124145,0,0,0,0,0,0,0,0.204124145,0,0,0,0,0,0,0,0,0.204124145,0,0,0,0,0,0,0,0,0,0,0,0,0,0,0,0,0.204124145,0,0,0,0,0.204124145
RNF213,0.185695338,0,0.185695338,0.185695338,0,0,0,0,0,0,0,0.185695338,0,0.185695338,0,0,0,0,0,0,0,0.185695338,0,0,0,0,0,0,0.185695338,0.185695338,0,0,0,0,0,0,0,0.185695338,0,0.185695338,0.185695338,0,0.185695338,0,0,0,0.185695338,0,0.185695338,0.185695338,0,0,0,0,0,0.185695338,0,0.185695338,0,0,0,0,0,0,0,0.185695338,0.185695338,0,0.185695338,0,0,0,0,0.185695338,0,0,0.185695338,0,0,0,0.185695338,0,0,0,0,0,0,0,0,0,0,0,0,0,0,0,0,0,0,0.185695338,0,0,0,0,0,0,0,0,0.185695338,0,0,0,0.185695338,0,0,0.185695338,0,0,0,0.185695338,0.185695338
MYCBP2,0.185695338,0,0.185695338,0.185695338,0,0.185695338,0,0,0,0.185695338,0,0,0,0.185695338,0.185695338,0,0,0,0,0,0,0,0,0,0,0,0.185695338,0,0.185695338,0,0.185695338,0,0.185695338,0,0,0.185695338,0,0,0,0,0.185695338,0,0.185695338,0,0,0,0,0,0,0,0,0.185695338,0,0,0,0,0,0,0,0,0.185695338,0,0,0,0.185695338,0,0.185695338,0,0,0,0,0.185695338,0,0.185695338,0,0,0.185695338,0.185695338,0,0,0,0,0,0,0,0,0,0,0,0,0,0.185695338,0,0,0.185695338,0,0,0,0.185695338,0.185695338,0.185695338,0,0,0,0,0,0,0,0.185695338,0,0,0,0,0,0,0,0,0.185695338,0,0,0
SYNE2,0,0,0.208514414,0.208514414,0,0,0.208514414,0,0,0,0,0,0,0,0.208514414,0,0,0,0,0,0,0,0,0,0,0.208514414,0,0,0,0,0.208514414,0,0,0,0,0.208514414,0,0,0.208514414,0,0,0,0,0,0,0,0,0,0,0.208514414,0,0.208514414,0,0,0,0.208514414,0,0,0,0,0,0,0,0,0.208514414,0,0.208514414,0,0,0,0,0,0,0,0,0,0.208514414,0,0,0,0,0,0,0,0.208514414,0,0,0,0,0,0,0,0,0.208514414,0.208514414,0,0,0,0,0,0,0,0,0,0,0,0,0.208514414,0.208514414,0,0,0,0,0,0,0.208514414,0,0,0.208514414,0.208514414,0.208514414
DOCK2,0,0,0,0,0,0.182574186,0.182574186,0,0,0.182574186,0,0,0,0,0.182574186,0,0,0,0.182574186,0,0,0.182574186,0,0,0,0,0,0.182574186,0.182574186,0,0,0,0.182574186,0,0,0,0,0.182574186,0.182574186,0,0.182574186,0.182574186,0.182574186,0,0,0,0.182574186,0,0,0,0,0,0,0,0,0.182574186,0,0,0,0,0.182574186,0,0,0,0.182574186,0,0,0,0.182574186,0,0,0.182574186,0,0,0,0.182574186,0.182574186,0,0,0,0,0,0,0,0,0,0,0,0,0.182574186,0,0,0,0,0,0.182574186,0,0,0,0,0,0,0,0,0,0,0,0.182574186,0.182574186,0,0,0.182574186,0.182574186,0,0,0,0,0,0,0.182574186,0.182574186
TENM1,0,0,0.185695338,0,0,0,0.185695338,0,0,0,0,0,0,0.185695338,0.185695338,0,0.185695338,0.185695338,0,0,0,0,0,0,0,0.185695338,0,0,0,0.185695338,0,0,0,0,0,0,0.185695338,0,0.185695338,0,0.185695338,0,0,0,0,0,0,0,0,0,0,0,0,0,0,0.185695338,0.185695338,0,0.185695338,0.185695338,0.185695338,0,0.185695338,0,0,0,0.185695338,0,0.185695338,0,0,0,0,0.185695338,0,0,0,0,0,0,0,0,0,0,0,0,0,0,0,0.185695338,0,0,0,0.185695338,0,0,0,0.185695338,0.185695338,0.185695338,0,0,0,0,0,0,0,0,0.185695338,0,0,0.185695338,0,0,0,0,0,0,0.185695338,0,0.185695338
LAMA1,0,0,0,0.188982237,0,0.188982237,0.188982237,0,0,0.188982237,0,0,0,0,0.188982237,0,0,0,0,0,0,0,0,0,0,0,0,0,0,0,0.188982237,0,0.188982237,0,0,0.188982237,0,0.188982237,0,0.188982237,0,0.188982237,0,0,0,0,0,0,0,0.188982237,0,0.188982237,0,0,0,0.188982237,0,0,0,0,0.188982237,0,0,0,0.188982237,0,0,0.188982237,0.188982237,0,0,0,0,0.188982237,0,0.188982237,0,0.188982237,0,0.188982237,0,0,0,0,0,0,0,0,0,0.188982237,0,0,0,0,0,0,0,0,0,0,0.188982237,0,0.188982237,0,0,0,0,0,0.188982237,0,0,0,0,0,0,0,0,0,0.188982237,0,0.188982237
FAT1,0.19245009,0.19245009,0.19245009,0,0,0,0,0,0,0.19245009,0,0,0,0,0.19245009,0.19245009,0,0,0,0,0,0.19245009,0,0,0,0,0,0,0,0,0.19245009,0,0,0,0,0.19245009,0,0,0,0,0,0.19245009,0.19245009,0,0,0,0.19245009,0,0,0.19245009,0,0,0,0,0,0.19245009,0,0.19245009,0,0,0,0,0,0,0,0,0.19245009,0,0,0,0,0,0,0.19245009,0,0,0,0.19245009,0,0,0,0,0,0,0,0,0,0,0,0.19245009,0,0,0,0.19245009,0,0,0,0,0,0.19245009,0.19245009,0,0,0,0,0,0,0,0.19245009,0,0.19245009,0,0,0,0,0,0.19245009,0,0,0.19245009,0.19245009
VCAN,0,0,0,0,0.204124145,0,0.204124145,0,0,0,0,0,0.204124145,0,0,0.204124145,0,0,0,0,0,0,0,0,0,0,0,0,0.204124145,0,0,0,0,0,0,0,0,0,0.204124145,0,0,0,0,0,0,0,0.204124145,0,0,0,0,0,0,0,0,0.204124145,0,0.204124145,0,0,0.204124145,0,0,0,0.204124145,0,0,0,0,0,0,0,0,0,0,0.204124145,0,0,0.204124145,0,0,0.204124145,0.204124145,0,0,0,0,0,0,0,0,0,0.204124145,0,0,0.204124145,0,0,0,0,0.204124145,0,0.204124145,0,0,0,0,0.204124145,0.204124145,0,0,0,0,0,0,0,0,0,0.204124145,0.204124145,0.204124145
NALCN,0.204124145,0.204124145,0,0.204124145,0,0,0,0,0,0,0,0,0,0,0.204124145,0.204124145,0,0.204124145,0,0,0,0,0,0,0,0,0,0,0.204124145,0,0,0,0.204124145,0,0,0.204124145,0,0,0,0,0.204124145,0,0,0.204124145,0,0,0,0,0,0.204124145,0,0,0,0,0,0.204124145,0,0.204124145,0,0,0.204124145,0.204124145,0,0,0,0,0,0,0,0,0,0.204124145,0.204124145,0,0,0,0,0,0,0,0,0,0,0,0,0,0,0.204124145,0,0,0,0,0,0,0,0,0,0,0,0,0,0,0,0,0,0,0,0.204124145,0.204124145,0,0,0,0,0,0.204124145,0,0,0,0.204124145,0,0.204124145
KMT2B,0,0,0.182574186,0,0.182574186,0,0.182574186,0,0,0.182574186,0,0,0,0.182574186,0,0,0,0,0,0,0,0.182574186,0,0,0,0,0.182574186,0,0,0,0,0,0,0,0,0,0,0,0.182574186,0,0,0,0,0.182574186,0,0,0,0,0,0.182574186,0,0,0,0.182574186,0,0.182574186,0,0.182574186,0.182574186,0.182574186,0,0,0,0,0.182574186,0,0.182574186,0.182574186,0.182574186,0,0,0.182574186,0,0.182574186,0,0,0,0,0,0,0,0,0,0,0.182574186,0,0,0,0,0,0,0,0.182574186,0.182574186,0,0.182574186,0,0,0,0.182574186,0.182574186,0,0,0,0,0,0,0,0,0,0,0,0.182574186,0,0,0,0,0,0,0.182574186,0.182574186
SLITRK5,0,0,0.213200716,0.213200716,0.213200716,0,0,0,0,0,0,0,0,0,0,0,0,0,0,0,0,0.213200716,0,0,0,0.213200716,0,0,0.213200716,0,0,0,0.213200716,0,0,0,0,0,0,0,0,0,0,0,0,0,0,0,0,0,0,0,0,0,0,0.213200716,0,0,0,0,0,0.213200716,0,0,0.213200716,0,0.213200716,0,0,0,0,0.213200716,0,0,0,0,0.213200716,0.213200716,0,0,0,0,0,0,0,0,0,0,0,0,0,0,0,0,0,0,0,0,0,0.213200716,0.213200716,0,0,0,0,0,0,0.213200716,0.213200716,0,0,0,0,0,0,0.213200716,0,0.213200716,0,0.213200716,0.213200716
ATP10A,0,0,0,0.23570226,0,0,0,0,0,0,0,0.23570226,0,0.23570226,0,0,0,0,0,0,0,0,0,0,0,0,0,0,0.23570226,0,0.23570226,0,0,0,0,0,0,0.23570226,0,0,0,0.23570226,0,0.23570226,0,0,0,0,0,0,0,0.23570226,0,0,0,0,0,0,0,0,0,0,0,0,0,0,0.23570226,0,0,0,0.23570226,0,0,0.23570226,0,0,0.23570226,0.23570226,0,0,0,0,0,0,0,0,0,0,0,0,0,0,0,0,0,0,0,0,0,0,0,0.23570226,0,0,0,0,0,0.23570226,0.23570226,0,0,0,0,0,0,0,0,0,0,0,0.23570226
MUC4,0,0.188982237,0,0.188982237,0,0,0,0,0,0.188982237,0,0,0,0,0,0.188982237,0,0,0,0,0,0,0.188982237,0,0,0,0,0,0,0.188982237,0,0,0.188982237,0,0,0,0,0.188982237,0,0.188982237,0,0,0,0,0,0,0.188982237,0,0,0.188982237,0,0.188982237,0,0,0,0,0,0.188982237,0,0.188982237,0,0,0,0,0.188982237,0.188982237,0,0.188982237,0,0,0,0,0,0.188982237,0,0.188982237,0.188982237,0,0,0,0,0,0,0,0,0,0,0,0,0.188982237,0,0,0,0,0,0,0,0,0.188982237,0,0,0,0,0,0,0,0.188982237,0.188982237,0.188982237,0,0,0,0.188982237,0,0.188982237,0,0,0,0.188982237,0,0
CDH9,0,0,0,0,0,0,0,0,0,0,0,0,0,0,0,0,0,0,0.25819889,0,0,0.25819889,0,0,0,0,0,0,0.25819889,0,0,0,0,0,0,0,0,0,0,0,0,0,0,0,0,0.25819889,0,0,0,0.25819889,0,0,0,0,0,0.25819889,0,0.25819889,0,0,0,0,0,0,0.25819889,0,0,0,0,0,0,0,0,0,0,0,0,0,0,0,0,0,0,0.25819889,0,0,0,0,0,0,0,0,0,0,0,0,0,0,0,0,0,0,0,0,0,0,0,0.25819889,0.25819889,0,0,0,0,0.25819889,0,0.25819889,0,0,0,0.25819889,0.25819889
DCC,0,0,0.2,0,0.2,0,0.2,0,0,0,0,0,0,0,0.2,0,0,0.2,0,0,0.2,0,0.2,0,0,0,0,0,0,0,0,0,0,0,0,0.2,0,0.2,0,0,0.2,0,0,0,0,0,0,0,0,0.2,0,0,0,0,0,0.2,0,0,0,0,0.2,0,0,0,0,0,0.2,0,0,0,0,0,0,0.2,0,0,0,0.2,0,0,0,0,0,0,0.2,0,0,0,0,0.2,0,0,0,0.2,0,0,0,0,0.2,0,0,0,0,0.2,0,0,0,0,0.2,0,0,0,0,0,0,0.2,0,0,0,0.2,0.2
PCDH9,0,0,0,0,0,0,0,0,0,0,0,0,0,0,0.267261242,0,0.267261242,0,0,0,0,0,0,0,0.267261242,0,0,0.267261242,0.267261242,0,0,0,0,0,0,0,0,0,0,0.267261242,0,0.267261242,0.267261242,0,0,0,0,0,0,0,0,0.267261242,0,0,0,0,0,0.267261242,0,0,0,0,0,0,0,0,0,0.267261242,0,0,0,0,0,0.267261242,0,0,0,0,0,0,0,0,0,0,0,0,0,0,0,0,0,0,0,0,0,0,0,0,0,0,0,0,0,0,0,0,0,0,0.267261242,0,0,0,0,0,0,0,0,0,0,0.267261242,0
FRY,0.196116135,0.196116135,0.196116135,0.196116135,0,0,0.196116135,0,0,0.196116135,0,0,0,0,0,0,0,0,0,0,0,0.196116135,0.196116135,0,0,0,0,0,0.196116135,0.196116135,0.196116135,0,0,0,0.196116135,0,0.196116135,0,0,0,0,0,0.196116135,0,0,0,0,0,0,0.196116135,0,0,0,0,0,0.196116135,0,0.196116135,0,0,0,0,0,0,0,0.196116135,0.196116135,0,0,0,0,0.196116135,0,0,0,0,0,0,0,0,0,0,0.196116135,0,0,0,0,0,0,0,0,0,0,0,0,0,0,0,0,0,0.196116135,0,0,0,0,0,0,0.196116135,0.196116135,0,0,0,0,0,0,0,0,0,0,0.196116135,0.196116135
LRRC7,0,0,0,0,0.25,0,0.25,0,0,0,0,0,0,0,0,0,0,0,0,0,0,0,0,0,0,0.25,0,0,0.25,0,0.25,0,0,0,0,0,0,0,0,0,0,0,0,0,0,0,0,0,0,0,0,0.25,0,0,0,0.25,0,0.25,0,0,0,0,0,0,0,0,0,0,0,0,0,0.25,0,0,0,0,0,0,0.25,0,0,0,0,0,0,0,0,0,0,0.25,0,0,0,0,0,0.25,0,0,0,0,0,0,0,0,0,0,0.25,0,0.25,0,0,0,0,0,0,0,0,0,0,0.25,0.25
TCF7L2,0,0,0,0,0.301511345,0,0,0,0,0.301511345,0,0,0,0,0,0,0,0,0,0,0,0.301511345,0,0,0,0,0,0,0.301511345,0,0,0,0.301511345,0,0,0,0,0,0,0,0,0,0,0,0,0,0,0,0,0,0,0.301511345,0,0,0,0.301511345,0.301511345,0,0,0,0,0,0,0,0,0,0.301511345,0,0,0,0,0,0,0,0,0,0,0,0,0,0,0,0,0,0,0,0,0,0,0,0,0,0,0,0,0.301511345,0,0,0,0,0,0,0,0,0,0,0,0,0,0,0,0,0,0,0.301511345,0,0,0,0,0,0
FCGBP,0,0,0,0.2,0,0,0,0,0,0,0,0,0,0,0,0.2,0,0,0,0,0,0.2,0,0,0,0,0.2,0,0,0,0.2,0,0,0,0,0,0,0,0,0.2,0,0,0,0,0,0.2,0,0,0,0,0,0,0.2,0,0,0,0,0.2,0,0.2,0.2,0,0.2,0,0.2,0,0,0.2,0,0,0,0.2,0,0,0,0,0,0.2,0,0,0,0,0,0,0,0,0,0.2,0,0.2,0,0,0,0,0,0.2,0,0,0.2,0,0,0,0.2,0,0,0,0,0,0.2,0,0,0,0,0,0,0,0,0,0.2,0.2,0.2
ZFHX3,0.2,0,0,0,0,0.2,0,0,0,0.2,0,0.2,0,0.2,0,0,0,0.2,0,0,0,0.2,0,0,0,0,0.2,0,0.2,0,0,0,0,0,0,0.2,0,0.2,0,0,0,0,0,0,0,0,0,0,0,0,0,0.2,0,0,0,0,0,0,0,0,0,0,0,0,0,0.2,0,0.2,0,0,0,0,0,0,0,0,0.2,0.2,0.2,0,0,0,0,0,0.2,0,0,0,0,0,0,0.2,0,0,0.2,0,0,0,0,0.2,0,0,0.2,0,0,0,0,0,0.2,0,0,0,0,0,0,0.2,0,0,0,0,0.2
AHNAK,0.182574186,0,0,0.182574186,0,0,0,0,0,0,0,0.182574186,0,0.182574186,0.182574186,0,0,0,0,0,0,0,0,0,0,0,0,0.182574186,0,0,0.182574186,0,0.182574186,0.182574186,0,0,0,0,0.182574186,0,0,0.182574186,0,0,0,0,0,0,0,0.182574186,0,0,0,0,0,0.182574186,0,0.182574186,0,0,0,0.182574186,0,0.182574186,0.182574186,0.182574186,0,0,0,0,0,0.182574186,0,0.182574186,0,0,0.182574186,0.182574186,0,0,0,0,0,0,0,0,0,0,0,0,0,0.182574186,0.182574186,0,0,0.182574186,0,0,0,0,0,0,0,0,0,0,0,0.182574186,0.182574186,0,0,0,0,0.182574186,0,0,0,0,0.182574186,0,0.182574186
FRAS1,0,0,0,0.185695338,0,0.185695338,0,0,0,0.185695338,0,0.185695338,0,0,0.185695338,0,0,0.185695338,0,0,0,0,0.185695338,0,0,0,0,0,0.185695338,0.185695338,0,0,0.185695338,0,0,0,0,0,0,0,0,0.185695338,0.185695338,0,0,0,0,0,0,0.185695338,0.185695338,0,0,0,0,0.185695338,0,0,0,0,0,0.185695338,0,0,0,0,0.185695338,0,0,0,0,0,0,0.185695338,0,0,0,0.185695338,0,0,0,0,0,0,0,0,0,0,0,0.185695338,0,0.185695338,0,0,0,0,0.185695338,0.185695338,0.185695338,0.185695338,0,0,0,0.185695338,0,0,0,0,0.185695338,0,0,0,0,0,0,0,0,0,0,0.185695338,0.185695338
GLI3,0,0.229415734,0,0,0,0,0,0,0,0,0,0.229415734,0,0,0.229415734,0,0,0,0,0,0,0,0,0,0,0,0,0,0.229415734,0,0,0,0.229415734,0,0,0,0,0,0.229415734,0,0,0,0,0,0,0,0.229415734,0,0,0,0,0,0,0,0,0.229415734,0,0,0,0,0.229415734,0,0,0,0,0,0,0,0,0,0,0,0,0,0,0.229415734,0,0,0,0,0,0,0,0,0,0,0,0,0.229415734,0.229415734,0,0,0,0,0,0,0,0,0.229415734,0,0,0,0.229415734,0,0,0,0,0.229415734,0.229415734,0,0,0,0,0,0,0,0,0,0.229415734,0.229415734,0.229415734
ERBB4,0.223606798,0,0,0,0,0,0,0,0,0,0,0,0,0.223606798,0.223606798,0,0.223606798,0,0,0,0,0.223606798,0,0,0,0,0,0.223606798,0,0,0,0,0.223606798,0,0,0,0,0,0,0.223606798,0,0,0,0,0,0,0,0.223606798,0,0,0,0.223606798,0,0,0,0,0,0,0,0,0,0,0,0,0,0,0,0,0,0,0,0.223606798,0,0,0,0,0.223606798,0,0,0,0,0,0.223606798,0,0,0,0,0,0,0,0,0,0,0,0,0.223606798,0,0,0,0,0,0,0,0,0,0,0,0.223606798,0.223606798,0,0,0,0.223606798,0,0,0,0.223606798,0,0,0.223606798,0.223606798
ZNF536,0,0.2,0.2,0,0,0,0,0,0,0,0.2,0.2,0,0,0.2,0,0,0,0,0,0.2,0.2,0,0,0,0,0,0.2,0,0,0,0,0,0,0,0.2,0,0,0,0,0,0.2,0,0.2,0,0,0,0,0.2,0.2,0,0,0,0,0,0,0,0,0,0,0,0.2,0,0,0.2,0,0.2,0,0.2,0,0,0,0,0,0,0,0,0,0.2,0,0,0,0,0,0,0,0,0,0,0,0.2,0,0,0,0,0.2,0,0,0,0,0.2,0,0,0,0,0,0,0,0.2,0,0,0,0,0,0,0.2,0,0,0,0.2,0.2
COL11A1,0,0.223606798,0,0,0,0,0.223606798,0,0,0,0,0.223606798,0,0,0.223606798,0,0,0,0,0,0,0,0,0,0,0,0,0,0.223606798,0,0,0,0.223606798,0,0,0,0,0,0.223606798,0.223606798,0.223606798,0,0.223606798,0,0,0,0,0,0,0,0,0,0,0,0,0,0,0,0,0,0,0.223606798,0,0,0,0,0,0.223606798,0,0,0,0,0,0,0,0.223606798,0.223606798,0,0,0,0,0,0,0,0,0,0,0,0,0,0,0,0,0,0.223606798,0,0,0,0,0.223606798,0,0,0,0,0,0,0,0,0.223606798,0,0,0,0,0,0,0.223606798,0,0,0.223606798,0,0.223606798
LRP1,0,0,0,0,0,0.196116135,0,0,0,0.196116135,0,0.196116135,0,0,0,0,0,0,0.196116135,0,0,0,0.196116135,0,0,0,0,0,0,0,0,0,0.196116135,0,0,0.196116135,0,0.196116135,0.196116135,0,0,0,0.196116135,0,0,0,0,0,0,0.196116135,0,0.196116135,0,0,0,0,0,0.196116135,0,0.196116135,0.196116135,0,0,0,0.196116135,0,0.196116135,0,0.196116135,0,0,0.196116135,0,0,0,0.196116135,0.196116135,0,0,0,0,0,0,0,0,0,0,0,0,0,0,0,0,0,0,0,0,0,0,0.196116135,0.196116135,0,0.196116135,0,0,0,0,0,0.196116135,0,0,0,0,0,0,0,0,0,0.196116135,0,0
SCN9A,0,0,0,0.267261242,0,0,0.267261242,0,0,0,0,0,0,0,0,0,0,0,0,0,0,0,0,0,0,0,0,0,0,0,0,0,0.267261242,0,0,0,0,0,0,0.267261242,0.267261242,0,0,0,0,0,0,0,0,0,0,0.267261242,0,0,0,0,0,0.267261242,0,0,0,0.267261242,0,0,0,0,0,0,0,0,0,0,0,0,0,0,0,0,0,0,0,0,0,0,0,0,0,0,0.267261242,0.267261242,0,0,0,0,0,0,0,0,0,0,0.267261242,0,0,0,0,0,0,0,0.267261242,0,0,0,0,0,0,0.267261242,0,0,0,0,0.267261242
FAT2,0,0.196116135,0,0,0,0.196116135,0.196116135,0,0,0,0,0.196116135,0,0,0.196116135,0.196116135,0,0,0.196116135,0,0,0.196116135,0,0,0,0,0,0,0,0,0.196116135,0,0,0,0,0.196116135,0,0,0.196116135,0.196116135,0,0,0,0,0,0,0.196116135,0,0,0,0,0,0,0,0,0,0,0.196116135,0,0.196116135,0.196116135,0,0.196116135,0,0,0.196116135,0,0,0,0,0.196116135,0,0,0,0,0,0,0,0,0,0,0,0.196116135,0.196116135,0,0,0,0,0,0,0.196116135,0,0,0,0,0,0,0,0,0,0.196116135,0,0,0,0,0,0,0,0.196116135,0,0,0,0,0,0,0,0,0.196116135,0,0.196116135,0
PCDH10,0.188982237,0.188982237,0,0.188982237,0,0,0.188982237,0.188982237,0,0,0,0,0,0,0.188982237,0,0,0,0,0,0,0,0,0,0,0.188982237,0,0,0.188982237,0,0,0.188982237,0.188982237,0,0.188982237,0,0,0.188982237,0,0,0.188982237,0.188982237,0,0,0,0,0,0,0,0,0,0,0.188982237,0,0,0.188982237,0,0.188982237,0,0,0.188982237,0.188982237,0,0,0,0,0.188982237,0.188982237,0,0,0,0,0,0,0,0,0.188982237,0.188982237,0,0,0,0,0,0,0.188982237,0,0,0,0,0,0,0,0,0,0,0.188982237,0,0,0,0,0,0,0,0,0,0,0,0.188982237,0.188982237,0,0,0,0,0,0,0,0,0,0,0,0.188982237
DNAH9,0,0,0.19245009,0.19245009,0,0.19245009,0.19245009,0,0,0,0,0,0,0,0.19245009,0.19245009,0,0,0,0,0,0.19245009,0.19245009,0,0,0,0,0,0.19245009,0,0,0,0,0,0.19245009,0,0,0,0,0.19245009,0,0,0,0,0,0,0,0,0,0.19245009,0,0,0,0,0.19245009,0.19245009,0,0,0,0.19245009,0,0.19245009,0,0,0.19245009,0,0.19245009,0,0,0,0,0,0,0,0,0,0.19245009,0,0,0,0,0,0,0,0,0,0.19245009,0,0,0,0,0,0,0,0.19245009,0,0,0,0,0.19245009,0,0,0.19245009,0,0,0,0,0,0.19245009,0,0,0,0,0,0,0.19245009,0,0,0.19245009,0.19245009,0
ADGRL3,0.204124145,0,0,0,0.204124145,0.204124145,0,0,0,0.204124145,0,0,0,0,0.204124145,0,0,0,0,0,0,0,0,0,0,0.204124145,0,0,0.204124145,0,0,0,0,0,0,0.204124145,0,0,0,0,0,0,0.204124145,0,0,0,0,0,0,0.204124145,0,0,0,0,0,0,0,0,0,0,0,0.204124145,0,0.204124145,0,0,0,0,0,0,0,0,0.204124145,0,0,0,0.204124145,0,0,0,0,0,0,0.204124145,0,0,0,0,0,0,0.204124145,0,0,0,0.204124145,0,0,0,0.204124145,0,0.204124145,0,0,0,0,0,0,0.204124145,0.204124145,0,0,0,0,0,0,0,0,0,0.204124145,0.204124145,0.204124145
KMT2D,0.19245009,0.19245009,0,0.19245009,0.19245009,0.19245009,0,0,0,0,0,0.19245009,0,0,0.19245009,0,0,0,0.19245009,0,0,0,0,0,0,0,0,0,0,0,0.19245009,0,0,0,0,0.19245009,0,0.19245009,0,0,0.19245009,0,0.19245009,0,0,0,0.19245009,0,0,0,0,0.19245009,0,0,0,0.19245009,0,0.19245009,0,0,0,0,0,0,0,0,0,0.19245009,0,0,0,0,0,0,0,0,0,0,0,0,0.19245009,0,0,0,0,0,0,0,0,0.19245009,0,0,0,0,0,0.19245009,0,0,0.19245009,0.19245009,0.19245009,0,0,0,0,0,0,0,0,0,0,0,0,0,0,0.19245009,0,0,0.19245009,0.19245009,0
NAV3,0,0,0.229415734,0,0,0,0.229415734,0,0,0,0,0,0,0,0.229415734,0,0,0,0,0,0,0.229415734,0.229415734,0,0,0,0,0.229415734,0.229415734,0,0.229415734,0,0,0,0,0,0,0.229415734,0,0,0,0,0,0,0,0,0,0,0,0.229415734,0,0,0,0,0,0.229415734,0,0,0,0,0,0,0,0,0,0,0,0,0,0,0,0,0,0,0,0,0,0,0,0,0,0,0,0,0,0,0,0,0,0,0,0,0,0,0,0,0,0,0,0.229415734,0.229415734,0,0,0,0,0,0,0.229415734,0.229415734,0,0,0,0,0,0,0.229415734,0,0,0.229415734,0.229415734,0.229415734
FNDC1,0.204124145,0,0.204124145,0,0,0,0,0,0,0,0,0,0,0,0,0,0,0.204124145,0,0,0,0.204124145,0.204124145,0,0,0,0,0,0.204124145,0.204124145,0,0,0,0,0,0,0.204124145,0.204124145,0,0,0,0,0,0,0,0,0,0,0,0.204124145,0,0,0,0,0,0.204124145,0,0.204124145,0,0,0,0,0,0,0,0,0,0,0,0,0,0.204124145,0,0,0,0.204124145,0.204124145,0.204124145,0,0,0,0,0,0,0.204124145,0,0.204124145,0,0,0,0,0.204124145,0,0,0.204124145,0,0,0,0,0,0,0.204124145,0,0,0,0,0,0,0.204124145,0,0,0,0,0,0,0,0,0,0,0.204124145,0.204124145
DNAH2,0.188982237,0.188982237,0.188982237,0.188982237,0,0,0.188982237,0,0,0.188982237,0,0.188982237,0,0,0.188982237,0,0,0,0.188982237,0,0,0,0,0,0,0,0,0,0.188982237,0,0,0,0.188982237,0,0,0,0,0.188982237,0.188982237,0,0.188982237,0.188982237,0.188982237,0,0,0,0,0,0,0.188982237,0,0,0,0,0,0,0,0,0,0,0,0,0,0,0,0,0,0,0,0,0,0,0,0,0,0,0,0,0,0,0,0,0,0,0,0,0,0,0,0,0,0.188982237,0,0,0,0.188982237,0,0,0.188982237,0.188982237,0.188982237,0,0,0,0,0,0,0,0.188982237,0,0,0,0,0.188982237,0,0.188982237,0,0,0.188982237,0.188982237,0.188982237
FBN1,0,0,0,0,0,0,0.2,0,0,0,0,0.2,0,0,0,0,0,0,0,0,0,0.2,0,0,0,0.2,0,0,0,0,0,0,0,0,0,0,0,0,0,0.2,0,0,0,0,0,0,0.2,0,0,0.2,0,0.2,0,0,0.2,0,0,0,0,0.2,0,0,0,0,0,0,0.2,0.2,0,0,0,0,0,0,0,0,0.2,0,0,0,0,0,0,0,0.2,0,0,0,0,0,0,0.2,0,0,0.2,0.2,0,0,0,0.2,0.2,0,0,0,0.2,0,0,0.2,0.2,0,0.2,0,0,0,0,0,0,0,0,0.2,0.2
PKHD1L1,0,0,0,0.204124145,0,0,0,0,0,0.204124145,0,0,0,0,0.204124145,0.204124145,0,0,0.204124145,0,0,0.204124145,0.204124145,0,0,0.204124145,0,0.204124145,0.204124145,0,0,0,0,0,0,0,0,0,0,0,0,0,0,0,0,0,0,0,0,0.204124145,0,0.204124145,0,0,0,0.204124145,0,0.204124145,0,0,0,0,0,0,0,0.204124145,0,0.204124145,0,0,0,0,0,0,0.204124145,0,0.204124145,0.204124145,0,0,0,0,0,0,0,0,0,0,0,0.204124145,0,0,0,0,0,0,0,0,0,0.204124145,0,0,0,0,0,0,0,0.204124145,0.204124145,0,0,0,0,0,0,0,0,0,0,0,0.204124145
TENM4,0,0,0,0,0,0,0,0,0,0,0,0.208514414,0,0,0.208514414,0,0,0,0,0,0,0.208514414,0,0,0,0,0,0,0.208514414,0,0.208514414,0,0.208514414,0,0,0,0,0,0,0,0,0,0,0,0,0,0,0,0,0.208514414,0,0,0,0,0,0,0.208514414,0.208514414,0,0.208514414,0.208514414,0.208514414,0,0,0,0,0.208514414,0,0,0,0,0,0,0,0,0.208514414,0,0,0,0.208514414,0,0,0.208514414,0,0.208514414,0,0,0,0,0,0,0,0,0.208514414,0.208514414,0,0,0,0,0.208514414,0,0,0.208514414,0,0,0,0,0,0,0,0,0,0,0,0,0,0,0,0,0.208514414,0.208514414
PTPRT,0.213200716,0.213200716,0.213200716,0,0,0,0.213200716,0,0.213200716,0.213200716,0,0,0,0.213200716,0.213200716,0,0,0,0.213200716,0,0,0.213200716,0,0,0,0,0,0,0.213200716,0,0,0,0.213200716,0,0,0.213200716,0,0.213200716,0.213200716,0,0,0,0,0.213200716,0,0,0,0,0,0,0,0,0,0,0,0.213200716,0,0,0,0.213200716,0,0,0,0,0,0,0,0,0,0,0,0,0,0,0,0,0,0,0,0,0,0,0,0,0,0,0,0.213200716,0,0,0,0,0,0,0.213200716,0.213200716,0,0,0,0,0,0,0,0,0,0,0,0,0.213200716,0,0,0,0,0,0,0,0,0,0,0,0
MUC17,0.23570226,0,0.23570226,0.23570226,0,0,0,0,0,0,0,0,0,0,0.23570226,0,0,0,0,0,0,0.23570226,0,0,0,0,0,0,0.23570226,0,0,0,0,0,0,0,0,0,0.23570226,0.23570226,0,0,0,0,0,0,0,0,0.23570226,0,0,0,0,0,0,0,0,0,0,0,0.23570226,0,0,0,0.23570226,0,0,0,0.23570226,0,0,0,0,0.23570226,0,0,0.23570226,0,0,0,0,0,0,0,0,0,0,0,0,0,0,0,0,0,0,0,0,0,0.23570226,0.23570226,0,0,0,0,0,0,0,0,0.23570226,0,0,0,0,0,0,0,0,0,0,0,0.23570226
LRRK2,0,0,0,0,0.23570226,0,0,0,0,0,0,0,0.23570226,0,0,0,0,0,0,0,0,0,0,0,0,0,0,0,0,0.23570226,0,0,0.23570226,0,0,0,0,0,0.23570226,0,0.23570226,0,0,0,0,0,0,0,0,0,0,0.23570226,0,0,0,0.23570226,0,0,0,0.23570226,0,0,0,0,0,0,0,0.23570226,0,0,0,0,0,0.23570226,0,0.23570226,0,0,0,0,0,0,0,0,0,0,0,0,0,0,0,0,0,0,0.23570226,0,0,0,0,0,0,0,0,0,0,0,0,0.23570226,0.23570226,0,0,0,0.23570226,0,0,0.23570226,0,0,0,0,0.23570226
WDFY4,0,0,0,0,0,0,0.242535625,0,0,0,0,0,0,0.242535625,0,0,0,0,0,0,0,0,0.242535625,0,0,0.242535625,0,0,0.242535625,0.242535625,0,0,0,0,0,0,0,0,0.242535625,0,0,0.242535625,0,0,0,0,0,0,0,0.242535625,0,0,0,0,0.242535625,0,0,0.242535625,0,0,0,0,0,0,0,0,0,0.242535625,0,0,0,0,0,0,0,0.242535625,0,0,0,0,0,0,0,0,0,0,0,0.242535625,0,0,0,0,0,0,0,0,0,0,0,0,0.242535625,0,0,0,0,0,0,0,0,0,0,0,0,0,0,0,0,0,0,0.242535625,0.242535625
TENM2,0,0,0,0,0,0,0,0.2,0,0.2,0,0,0,0,0,0,0,0,0.2,0,0,0.2,0.2,0,0,0.2,0,0.2,0.2,0,0,0,0.2,0,0,0,0,0.2,0.2,0,0.2,0,0.2,0,0,0,0,0,0,0.2,0,0,0,0,0,0.2,0,0.2,0,0,0,0,0,0,0,0,0,0,0,0,0,0,0,0,0,0,0,0,0,0.2,0,0,0,0,0,0,0,0,0,0,0,0,0,0,0,0.2,0,0,0,0.2,0,0,0,0,0,0.2,0,0.2,0.2,0,0,0.2,0,0,0,0.2,0,0,0,0,0.2
IGHG1,0,0.229415734,0,0,0.229415734,0,0,0,0.229415734,0,0,0,0,0,0.229415734,0,0,0,0,0,0,0.229415734,0,0,0,0,0,0,0.229415734,0,0,0,0.229415734,0,0,0,0,0,0.229415734,0.229415734,0,0,0,0,0.229415734,0,0,0,0,0,0,0.229415734,0,0,0,0.229415734,0,0.229415734,0,0,0,0,0,0,0,0,0,0.229415734,0,0,0,0,0,0,0,0,0,0,0,0,0,0,0,0,0,0,0,0,0,0,0,0,0,0.229415734,0,0,0,0,0,0,0,0,0,0,0,0,0,0,0.229415734,0,0,0,0.229415734,0,0,0,0,0,0,0.229415734,0.229415734
DNAH1,0,0.182574186,0.182574186,0,0,0.182574186,0.182574186,0,0,0.182574186,0,0,0,0,0.182574186,0.182574186,0,0,0,0,0,0,0.182574186,0,0,0,0,0,0.182574186,0,0,0,0,0,0,0,0,0.182574186,0.182574186,0.182574186,0,0,0.182574186,0,0,0,0,0,0,0,0,0.182574186,0,0,0,0.182574186,0,0.182574186,0,0,0,0.182574186,0,0,0,0,0,0.182574186,0,0,0,0.182574186,0,0.182574186,0,0,0.182574186,0,0,0,0,0,0,0,0.182574186,0,0,0,0,0.182574186,0,0,0,0.182574186,0.182574186,0,0.182574186,0,0,0.182574186,0,0,0,0,0,0,0,0.182574186,0.182574186,0,0,0,0,0,0,0,0,0,0,0,0.182574186
PCDHB6,0,0,0,0,0,0,0.21821789,0,0,0.21821789,0,0.21821789,0.21821789,0,0,0.21821789,0,0,0,0,0.21821789,0.21821789,0,0,0,0,0,0,0,0,0,0,0,0,0,0,0,0.21821789,0,0.21821789,0,0.21821789,0,0,0,0,0,0,0,0,0,0,0,0,0,0.21821789,0,0,0,0,0,0,0.21821789,0,0,0,0,0,0,0.21821789,0,0,0,0,0,0,0,0,0,0,0,0,0,0,0,0,0,0,0,0.21821789,0,0.21821789,0,0.21821789,0.21821789,0,0,0,0,0,0,0,0,0,0,0,0,0,0.21821789,0,0,0,0,0,0,0.21821789,0,0,0,0.21821789,0.21821789
HECW1,0,0,0.223606798,0,0,0,0,0,0,0,0.223606798,0,0,0,0,0,0,0,0,0,0,0,0,0,0,0,0,0,0,0,0,0,0.223606798,0,0,0,0,0,0,0,0,0,0,0,0,0,0.223606798,0,0,0.223606798,0.223606798,0.223606798,0,0,0,0,0,0.223606798,0,0,0,0,0,0,0,0.223606798,0,0,0,0,0,0,0,0,0,0,0.223606798,0,0,0,0,0,0.223606798,0,0.223606798,0,0,0,0,0.223606798,0,0.223606798,0,0,0,0.223606798,0.223606798,0,0,0,0,0,0,0,0,0,0,0,0.223606798,0,0,0.223606798,0,0,0.223606798,0,0,0,0,0,0.223606798
ANK3,0,0,0,0,0,0,0.2,0.2,0,0,0,0.2,0,0.2,0,0.2,0,0,0,0,0,0,0,0,0,0.2,0,0,0.2,0.2,0.2,0,0,0,0,0.2,0,0.2,0,0,0,0.2,0,0,0,0.2,0,0,0,0.2,0,0.2,0,0,0,0,0,0.2,0,0,0.2,0,0,0,0,0,0,0,0,0,0,0,0,0,0.2,0,0,0,0,0,0,0,0,0,0,0,0,0,0,0,0,0,0,0,0,0,0,0,0.2,0,0.2,0,0,0,0,0,0,0.2,0.2,0,0,0,0,0,0,0,0,0.2,0,0.2,0.2
TECTA,0,0,0.23570226,0,0,0.23570226,0,0,0,0,0,0.23570226,0,0.23570226,0.23570226,0,0,0,0.23570226,0,0,0.23570226,0,0,0,0,0,0,0,0,0,0,0.23570226,0,0,0.23570226,0,0,0,0,0,0,0,0,0,0,0,0,0,0,0,0,0,0,0,0,0.23570226,0,0,0,0.23570226,0.23570226,0,0,0,0,0,0,0,0,0,0,0,0,0,0,0.23570226,0,0,0,0,0,0,0,0,0,0,0,0,0.23570226,0,0,0,0,0,0,0,0,0,0,0,0,0,0,0,0,0,0,0.23570226,0,0,0,0,0,0,0.23570226,0,0,0,0.23570226,0.23570226
MXRA5,0,0,0,0,0,0,0,0,0,0.196116135,0.196116135,0,0,0,0,0,0.196116135,0.196116135,0,0,0,0,0,0,0,0,0,0,0.196116135,0,0,0,0,0,0,0.196116135,0.196116135,0,0,0,0,0,0,0,0,0,0,0.196116135,0,0,0,0,0,0,0,0.196116135,0.196116135,0,0,0,0.196116135,0,0.196116135,0,0.196116135,0,0.196116135,0.196116135,0,0.196116135,0,0.196116135,0,0,0.196116135,0,0,0,0,0,0,0,0,0,0,0,0,0,0,0.196116135,0,0,0,0,0,0.196116135,0,0,0,0.196116135,0.196116135,0,0,0,0,0,0,0,0.196116135,0,0,0,0.196116135,0,0,0,0,0,0,0.196116135,0.196116135
SCN1A,0.208514414,0,0,0,0,0,0,0,0,0,0,0,0,0,0,0,0,0,0,0,0,0.208514414,0,0,0,0,0,0,0.208514414,0,0,0,0.208514414,0,0,0,0,0.208514414,0,0,0,0,0,0,0,0,0.208514414,0,0,0.208514414,0,0.208514414,0,0,0,0,0,0.208514414,0,0,0,0.208514414,0.208514414,0,0.208514414,0,0,0.208514414,0,0,0,0,0,0,0,0,0,0,0.208514414,0.208514414,0,0,0,0.208514414,0,0,0.208514414,0,0,0,0,0,0,0,0,0,0.208514414,0,0,0,0,0,0.208514414,0,0,0,0,0.208514414,0.208514414,0,0,0,0,0,0,0,0,0,0,0.208514414,0.208514414
TRRAP,0,0.188982237,0.188982237,0,0,0,0.188982237,0,0,0,0,0.188982237,0,0,0.188982237,0.188982237,0,0,0,0,0,0,0,0,0,0.188982237,0,0,0,0.188982237,0.188982237,0,0.188982237,0,0,0.188982237,0,0,0,0,0,0,0,0,0,0.188982237,0.188982237,0,0,0,0,0.188982237,0,0,0,0.188982237,0,0.188982237,0,0,0.188982237,0.188982237,0,0,0,0,0.188982237,0.188982237,0,0,0,0,0,0,0,0,0,0.188982237,0,0,0,0,0,0,0,0,0,0,0,0,0,0,0,0,0,0,0,0,0,0,0.188982237,0,0,0,0,0,0,0.188982237,0.188982237,0,0,0,0.188982237,0.188982237,0,0,0,0,0.188982237,0,0.188982237
CUBN,0.21821789,0,0,0,0,0,0.21821789,0,0,0.21821789,0,0.21821789,0,0,0,0,0,0,0,0,0,0.21821789,0,0,0,0,0,0,0.21821789,0,0.21821789,0,0.21821789,0,0,0,0,0,0,0,0,0,0,0,0,0,0,0,0,0,0,0,0,0,0,0.21821789,0,0,0,0,0.21821789,0,0,0,0,0,0,0,0,0.21821789,0,0.21821789,0,0.21821789,0,0,0.21821789,0,0,0,0,0,0,0,0,0,0.21821789,0,0,0.21821789,0,0,0.21821789,0,0.21821789,0,0,0,0,0,0,0,0,0,0,0,0,0,0.21821789,0,0,0,0,0,0,0,0,0,0,0.21821789,0.21821789
FRYL,0,0,0,0,0,0.229415734,0,0,0,0.229415734,0,0,0.229415734,0,0,0,0,0.229415734,0,0,0,0,0,0,0,0,0,0,0,0,0.229415734,0,0,0,0,0.229415734,0,0,0.229415734,0,0.229415734,0,0,0,0,0,0,0,0,0,0,0,0,0,0,0,0,0.229415734,0,0,0,0,0,0,0,0,0,0,0.229415734,0,0,0,0,0,0,0,0.229415734,0,0,0,0,0.229415734,0,0,0.229415734,0,0.229415734,0,0,0.229415734,0,0.229415734,0,0,0,0,0,0,0,0,0,0,0,0,0,0,0,0.229415734,0.229415734,0,0,0,0,0,0,0,0,0,0,0,0.229415734
KCNA1,0,0.204124145,0,0,0,0.204124145,0.204124145,0,0,0,0,0.204124145,0,0,0,0,0,0.204124145,0,0,0,0,0,0,0,0,0,0,0.204124145,0.204124145,0,0,0,0,0.204124145,0,0,0,0,0,0,0,0,0,0,0,0.204124145,0,0,0,0,0,0,0,0,0.204124145,0,0.204124145,0,0,0,0,0,0,0,0,0,0,0,0,0,0.204124145,0.204124145,0,0,0.204124145,0.204124145,0,0.204124145,0,0,0,0.204124145,0,0.204124145,0,0,0,0,0.204124145,0,0,0,0,0.204124145,0.204124145,0,0,0,0,0,0,0,0,0,0,0,0,0.204124145,0,0,0,0,0,0,0,0,0,0,0.204124145,0.204124145
TAF1L,0.242535625,0,0,0.242535625,0.242535625,0,0,0,0,0,0,0,0,0,0,0,0,0,0,0,0,0.242535625,0,0,0,0.242535625,0.242535625,0.242535625,0,0,0,0,0,0,0,0,0,0,0,0,0,0,0.242535625,0,0,0,0,0,0,0,0,0,0.242535625,0,0,0,0,0.242535625,0,0,0,0,0,0,0,0,0,0,0,0,0,0,0,0,0,0,0,0,0,0.242535625,0,0,0,0,0,0,0,0,0,0,0,0,0,0,0,0.242535625,0,0,0,0.242535625,0,0,0,0,0,0,0,0.242535625,0.242535625,0,0,0,0,0,0,0,0,0,0,0.242535625,0.242535625
KIF26B,0,0.213200716,0.213200716,0,0.213200716,0,0,0,0.213200716,0,0,0,0,0,0.213200716,0,0,0,0,0,0,0,0,0,0,0.213200716,0,0,0,0,0,0,0,0,0.213200716,0,0,0,0,0,0,0,0,0,0,0.213200716,0,0,0,0,0,0.213200716,0,0,0,0,0,0.213200716,0,0,0,0,0,0,0,0,0,0.213200716,0,0,0,0.213200716,0,0.213200716,0,0,0,0,0,0,0,0.213200716,0,0,0,0,0,0,0,0,0,0,0,0,0,0.213200716,0,0,0.213200716,0.213200716,0.213200716,0,0,0,0,0,0,0,0.213200716,0,0,0,0,0,0,0.213200716,0,0,0.213200716,0,0.213200716
HECTD4,0,0,0.213200716,0,0,0,0,0,0,0,0,0,0,0,0,0.213200716,0,0.213200716,0.213200716,0,0,0.213200716,0,0,0,0,0,0.213200716,0.213200716,0.213200716,0,0,0,0.213200716,0,0,0,0,0,0,0,0,0,0,0,0,0,0,0,0.213200716,0,0,0,0,0,0.213200716,0,0,0,0,0.213200716,0,0,0,0,0.213200716,0,0.213200716,0,0,0,0.213200716,0,0.213200716,0,0,0,0,0,0,0,0,0,0,0.213200716,0,0,0,0,0,0,0,0,0,0.213200716,0,0,0,0.213200716,0,0,0,0.213200716,0,0,0,0,0,0.213200716,0,0,0,0,0,0,0,0,0,0,0,0.213200716
DYSF,0,0,0.204124145,0.204124145,0,0,0.204124145,0,0,0,0,0.204124145,0.204124145,0,0,0.204124145,0,0,0,0,0,0.204124145,0.204124145,0,0,0,0,0,0.204124145,0,0.204124145,0,0,0,0,0.204124145,0,0,0,0,0,0,0,0,0,0,0,0,0,0.204124145,0,0,0,0,0,0,0,0.204124145,0.204124145,0,0,0,0,0,0,0,0,0,0,0,0,0.204124145,0,0,0,0,0,0,0,0,0,0,0.204124145,0,0,0,0,0.204124145,0,0,0,0,0,0,0,0.204124145,0,0.204124145,0,0.204124145,0,0,0.204124145,0,0,0,0,0,0.204124145,0,0,0,0,0,0,0,0,0,0,0.204124145,0.204124145
DNAH7,0,0,0,0.204124145,0.204124145,0,0.204124145,0,0,0,0,0,0,0,0,0,0,0.204124145,0,0,0,0.204124145,0,0,0,0,0,0,0.204124145,0.204124145,0,0,0.204124145,0,0,0,0,0.204124145,0,0,0,0,0,0,0,0,0,0,0,0,0,0,0,0,0,0.204124145,0,0.204124145,0,0,0.204124145,0.204124145,0,0,0,0,0,0,0.204124145,0,0,0,0,0,0,0,0,0.204124145,0,0,0,0,0,0,0,0,0,0,0,0.204124145,0,0,0,0,0,0,0,0,0,0,0.204124145,0,0,0,0,0,0,0.204124145,0.204124145,0.204124145,0,0,0,0,0,0.204124145,0,0,0.204124145,0.204124145,0.204124145
ADAMTS16,0,0,0,0,0,0,0,0.277350098,0,0,0,0,0,0,0,0.277350098,0,0,0,0,0.277350098,0,0,0,0,0.277350098,0,0,0.277350098,0,0.277350098,0,0,0,0,0,0,0,0,0,0,0,0.277350098,0,0,0,0.277350098,0,0,0,0,0,0,0,0,0,0,0,0.277350098,0,0.277350098,0,0,0,0,0,0,0,0,0,0,0,0,0,0,0,0,0,0,0,0,0,0,0,0,0,0,0,0,0,0,0,0,0,0,0,0,0,0,0.277350098,0,0,0,0,0,0,0,0,0,0,0,0,0,0,0,0,0,0,0,0.277350098,0.277350098
ROBO2,0,0,0,0,0,0,0,0,0,0,0,0,0,0,0,0.267261242,0,0,0,0,0,0,0,0,0,0,0,0,0,0,0,0,0,0,0,0.267261242,0,0,0,0,0.267261242,0,0,0,0,0,0,0,0,0,0,0,0,0,0,0.267261242,0,0,0,0,0,0,0,0.267261242,0,0,0.267261242,0,0,0,0,0,0,0,0,0,0,0,0,0,0,0,0.267261242,0,0,0,0,0,0,0,0,0.267261242,0,0.267261242,0,0,0,0,0,0,0,0,0,0.267261242,0,0,0,0,0.267261242,0,0,0,0.267261242,0,0,0,0,0,0,0.267261242,0.267261242
COL6A6,0,0.21821789,0.21821789,0,0.21821789,0.21821789,0.21821789,0,0,0,0,0,0,0,0.21821789,0,0,0,0,0,0,0.21821789,0,0,0,0,0,0,0.21821789,0,0,0,0.21821789,0,0,0,0,0,0,0,0,0,0,0,0.21821789,0,0,0,0,0.21821789,0,0,0,0,0,0,0,0,0,0,0,0,0,0,0.21821789,0,0.21821789,0,0,0,0,0,0,0,0,0,0.21821789,0,0,0,0,0.21821789,0.21821789,0,0,0,0,0,0,0,0,0.21821789,0,0,0,0,0,0,0,0,0.21821789,0.21821789,0,0,0,0,0,0,0.21821789,0,0,0,0,0,0,0,0,0,0,0,0.21821789
TMEM132D,0.25,0,0,0.25,0,0,0,0,0,0,0,0.25,0,0,0.25,0,0,0,0,0,0,0,0,0,0,0.25,0.25,0,0.25,0,0.25,0,0,0,0,0,0,0,0,0,0,0,0,0.25,0,0.25,0,0,0,0,0,0.25,0,0,0,0,0,0,0,0,0,0,0,0,0,0,0,0,0,0,0.25,0,0,0,0,0,0,0,0,0,0,0,0,0,0,0,0,0,0,0,0,0,0,0,0.25,0,0,0,0,0,0.25,0,0,0,0,0,0,0,0.25,0,0,0,0,0,0,0,0,0.25,0,0,0
PKHD1,0,0.242535625,0,0,0,0,0,0,0,0.242535625,0,0,0.242535625,0,0,0,0,0,0.242535625,0,0,0.242535625,0,0,0,0,0,0,0.242535625,0,0.242535625,0,0,0,0,0,0,0,0,0,0,0,0,0,0,0,0,0,0,0.242535625,0,0,0,0,0,0.242535625,0,0,0,0,0.242535625,0,0,0,0,0,0,0,0,0,0,0.242535625,0,0.242535625,0,0,0.242535625,0,0,0,0,0,0,0,0,0,0,0,0,0,0,0,0,0,0,0,0,0,0,0,0,0,0,0,0,0,0,0.242535625,0.242535625,0,0,0,0,0,0,0,0,0,0,0.242535625,0.242535625
KMT2C,0,0,0,0,0,0,0.267261242,0,0,0.267261242,0,0,0,0,0,0,0.267261242,0.267261242,0,0,0,0,0,0,0,0,0,0,0.267261242,0,0,0,0,0,0,0,0,0,0,0,0,0,0,0,0,0.267261242,0.267261242,0,0,0,0,0,0,0,0,0,0,0,0,0,0,0,0,0,0,0,0,0,0.267261242,0,0,0,0,0,0,0,0.267261242,0,0,0,0,0,0,0,0,0,0,0,0,0,0,0,0,0,0,0,0,0,0.267261242,0.267261242,0.267261242,0,0,0,0,0,0,0,0.267261242,0,0,0,0,0,0,0,0,0,0,0,0.267261242
PAPPA2,0,0,0,0,0,0,0,0,0,0,0,0.229415734,0,0,0.229415734,0,0,0,0,0,0,0,0,0,0,0,0,0,0.229415734,0.229415734,0,0.229415734,0,0,0,0,0,0.229415734,0,0.229415734,0,0,0,0,0.229415734,0,0.229415734,0,0,0.229415734,0,0,0,0,0,0.229415734,0,0,0,0,0,0,0,0,0,0,0.229415734,0,0,0,0,0,0,0,0,0,0,0.229415734,0,0.229415734,0,0,0,0.229415734,0,0,0,0,0,0,0,0,0,0,0,0,0,0,0,0,0.229415734,0,0.229415734,0,0,0,0,0.229415734,0.229415734,0,0,0,0,0,0,0,0,0,0,0,0
FN1,0,0,0,0.21821789,0,0,0.21821789,0.21821789,0,0,0,0,0,0.21821789,0.21821789,0,0,0,0,0,0,0,0,0,0,0,0,0,0.21821789,0.21821789,0.21821789,0,0.21821789,0,0,0,0,0.21821789,0,0,0,0,0,0,0,0,0,0,0,0.21821789,0,0.21821789,0,0,0,0,0,0.21821789,0.21821789,0,0,0,0,0,0,0,0,0.21821789,0,0,0,0,0,0.21821789,0,0,0,0.21821789,0,0,0,0,0,0,0,0,0,0,0,0,0,0,0,0,0,0,0,0,0,0.21821789,0,0,0,0,0,0,0,0,0.21821789,0,0,0,0,0,0,0.21821789,0,0,0,0,0.21821789
DYNC1H1,0,0.188982237,0.188982237,0,0,0.188982237,0.188982237,0,0,0,0,0,0,0,0.188982237,0.188982237,0,0,0,0,0,0.188982237,0,0,0,0,0,0,0.188982237,0,0.188982237,0,0,0,0,0.188982237,0,0,0.188982237,0,0.188982237,0.188982237,0.188982237,0,0,0,0,0,0,0.188982237,0,0.188982237,0,0,0,0.188982237,0,0.188982237,0,0,0,0,0,0,0,0,0,0.188982237,0,0,0,0,0,0,0,0.188982237,0,0,0,0,0,0,0,0,0.188982237,0,0,0,0,0.188982237,0,0,0,0.188982237,0,0,0,0,0,0,0,0,0,0,0,0,0,0.188982237,0.188982237,0,0,0,0,0,0,0,0,0,0.188982237,0.188982237,0.188982237
TSHZ3,0,0,0,0.21821789,0,0,0.21821789,0.21821789,0,0,0,0,0,0,0,0,0.21821789,0,0,0,0,0.21821789,0,0,0,0,0,0,0.21821789,0,0.21821789,0,0,0,0.21821789,0.21821789,0,0.21821789,0,0.21821789,0,0.21821789,0,0,0,0,0,0,0,0.21821789,0,0.21821789,0,0,0,0,0,0.21821789,0,0,0,0,0,0,0.21821789,0.21821789,0,0,0,0,0,0,0,0,0,0,0,0.21821789,0,0,0,0,0.21821789,0,0,0,0,0,0,0,0,0,0,0,0,0,0,0,0,0,0.21821789,0,0,0,0,0,0,0,0,0,0,0,0,0,0,0,0,0,0,0,0.21821789
ABCA4,0.182574186,0,0,0,0,0.182574186,0,0,0,0,0,0,0.182574186,0,0.182574186,0,0.182574186,0,0,0,0,0.182574186,0,0,0,0,0,0.182574186,0.182574186,0,0,0,0,0,0,0,0,0.182574186,0.182574186,0,0.182574186,0,0,0,0,0,0,0.182574186,0,0,0,0.182574186,0,0,0,0.182574186,0,0.182574186,0,0,0.182574186,0,0,0,0.182574186,0.182574186,0,0,0,0,0,0.182574186,0,0,0,0,0,0,0,0,0,0,0,0,0.182574186,0,0,0,0,0,0,0.182574186,0.182574186,0,0.182574186,0.182574186,0,0,0,0,0.182574186,0,0,0,0.182574186,0,0,0.182574186,0.182574186,0,0,0,0,0,0,0,0,0,0.182574186,0,0.182574186
MAGEC1,0.25,0.25,0,0,0,0.25,0,0.25,0,0,0,0,0,0,0,0,0,0.25,0,0,0,0,0,0,0,0,0,0,0.25,0,0,0,0,0,0,0.25,0.25,0,0.25,0,0,0,0,0,0,0,0,0,0,0,0,0,0,0,0,0,0,0,0,0.25,0,0,0,0,0,0,0,0,0,0,0,0,0,0,0,0,0,0,0,0,0,0,0,0,0,0,0,0,0,0,0,0,0,0.25,0,0.25,0,0,0.25,0,0,0,0,0,0,0,0,0.25,0,0,0,0,0,0,0,0,0,0,0,0.25,0.25
MAP2,0,0,0,0,0,0,0.25,0,0,0,0,0,0,0,0,0.25,0.25,0,0,0,0,0,0,0,0,0.25,0.25,0,0.25,0,0,0,0,0,0,0,0,0.25,0,0,0,0,0,0,0,0,0.25,0,0,0,0,0.25,0,0,0,0.25,0,0,0,0,0,0,0,0,0,0,0,0,0,0,0,0,0,0,0,0,0,0,0,0,0,0,0,0,0,0,0,0,0,0.25,0,0.25,0,0,0,0,0,0,0,0,0,0,0,0,0,0,0,0.25,0,0,0,0,0,0,0.25,0,0,0,0,0.25,0.25
DNHD1,0,0,0.21821789,0,0,0,0.21821789,0,0,0.21821789,0,0,0,0.21821789,0,0.21821789,0,0,0,0,0,0.21821789,0,0,0,0.21821789,0,0.21821789,0,0,0.21821789,0,0,0,0,0,0,0,0.21821789,0,0,0,0,0,0,0,0,0,0,0.21821789,0,0,0,0,0,0.21821789,0,0,0,0.21821789,0,0,0,0,0,0,0,0,0,0,0,0,0,0,0,0,0,0.21821789,0,0,0,0,0,0.21821789,0,0,0,0,0,0,0,0,0.21821789,0,0,0,0,0,0,0.21821789,0,0,0,0,0,0,0,0,0.21821789,0,0,0,0,0,0,0.21821789,0,0,0,0.21821789,0.21821789
PDZD2,0,0,0,0,0,0.213200716,0,0,0,0,0,0,0,0,0.213200716,0.213200716,0,0.213200716,0,0,0,0.213200716,0,0.213200716,0,0,0.213200716,0.213200716,0.213200716,0,0.213200716,0,0,0,0,0.213200716,0,0,0.213200716,0.213200716,0,0.213200716,0,0,0,0,0,0,0,0,0,0,0,0,0,0,0,0,0,0,0,0.213200716,0,0,0,0,0,0,0,0,0,0,0,0,0,0,0,0,0,0,0,0,0.213200716,0,0,0,0,0,0,0,0,0,0,0,0,0.213200716,0,0,0,0,0,0,0,0,0,0,0,0,0.213200716,0,0,0,0.213200716,0,0,0.213200716,0,0,0.213200716,0,0.213200716
CNTNAP5,0,0,0.196116135,0.196116135,0.196116135,0,0,0,0,0,0,0,0,0.196116135,0,0.196116135,0,0,0,0,0,0.196116135,0,0,0,0,0,0,0.196116135,0,0.196116135,0,0,0,0,0.196116135,0,0.196116135,0.196116135,0,0,0.196116135,0,0,0,0,0.196116135,0,0,0.196116135,0,0,0,0,0,0.196116135,0,0.196116135,0,0,0,0,0,0,0,0,0,0,0,0,0,0.196116135,0,0,0,0,0,0.196116135,0,0,0,0,0,0,0.196116135,0,0,0,0,0,0,0,0,0,0.196116135,0,0,0,0,0,0.196116135,0,0.196116135,0,0,0,0,0,0.196116135,0,0,0,0,0,0,0.196116135,0,0,0,0.196116135,0.196116135
PCDHA10,0,0,0,0,0,0,0.213200716,0.213200716,0,0,0,0,0.213200716,0.213200716,0,0,0,0.213200716,0,0,0,0.213200716,0,0,0,0,0,0,0.213200716,0,0,0,0,0,0,0,0,0,0.213200716,0,0,0,0,0,0,0,0,0,0,0,0.213200716,0.213200716,0,0,0,0,0,0.213200716,0,0.213200716,0,0,0,0,0,0.213200716,0,0,0,0,0,0,0,0.213200716,0,0,0,0,0,0,0,0,0,0,0.213200716,0,0,0,0,0.213200716,0,0,0,0,0.213200716,0,0,0,0.213200716,0.213200716,0,0,0,0,0.213200716,0,0,0,0.213200716,0,0,0,0,0,0,0,0,0,0,0.213200716,0
APOB,0.242535625,0,0,0.242535625,0,0,0,0,0,0,0,0,0,0.242535625,0,0,0,0,0,0,0,0,0,0,0,0,0.242535625,0,0.242535625,0.242535625,0,0,0.242535625,0,0,0,0,0,0,0,0,0,0,0,0,0,0.242535625,0,0,0.242535625,0,0,0,0,0,0,0,0,0,0,0,0,0,0,0,0,0.242535625,0,0,0,0,0,0,0,0,0.242535625,0,0,0.242535625,0,0,0,0,0,0.242535625,0,0,0,0,0,0,0,0,0,0,0,0,0,0,0,0,0,0,0,0,0,0,0,0.242535625,0,0,0,0.242535625,0,0,0,0,0,0,0.242535625,0.242535625
DSCAM,0,0,0,0,0,0.23570226,0,0,0,0,0,0.23570226,0,0,0,0,0,0,0,0,0,0,0,0,0,0,0,0,0.23570226,0,0.23570226,0,0,0,0,0,0,0,0,0.23570226,0,0,0.23570226,0,0,0,0,0,0,0.23570226,0,0.23570226,0,0,0,0,0,0.23570226,0,0,0.23570226,0,0,0,0,0,0,0.23570226,0,0,0,0,0,0,0,0.23570226,0.23570226,0.23570226,0,0,0,0,0,0,0,0,0,0,0,0,0,0,0,0,0,0.23570226,0,0,0,0,0,0,0,0,0,0,0,0,0.23570226,0,0,0,0,0,0,0,0,0,0,0.23570226,0.23570226
TNR,0,0.223606798,0,0,0,0,0.223606798,0,0,0,0,0,0,0,0.223606798,0,0,0.223606798,0,0,0,0.223606798,0,0,0,0,0,0,0.223606798,0,0,0,0.223606798,0,0,0,0,0,0.223606798,0,0,0,0.223606798,0,0,0,0,0,0,0.223606798,0,0,0,0,0,0.223606798,0,0,0,0,0.223606798,0,0,0,0,0,0.223606798,0,0,0,0,0,0,0,0,0,0.223606798,0.223606798,0,0,0,0,0,0,0.223606798,0,0,0,0,0,0,0,0,0,0,0,0,0,0,0.223606798,0,0.223606798,0,0,0,0,0,0,0.223606798,0,0,0,0,0,0,0,0,0,0,0,0.223606798
PCDHA12,0,0,0,0,0,0,0,0,0,0,0,0,0,0,0,0,0,0,0.23570226,0,0,0.23570226,0,0,0,0,0,0,0,0.23570226,0,0,0,0,0,0,0,0,0,0,0,0,0,0,0,0,0.23570226,0,0,0,0,0,0,0,0,0,0,0.23570226,0,0,0.23570226,0.23570226,0,0,0,0,0,0.23570226,0,0,0,0.23570226,0,0,0,0,0,0,0,0,0,0,0,0,0,0,0,0,0,0,0.23570226,0.23570226,0,0,0,0,0,0,0,0,0.23570226,0.23570226,0,0,0,0,0,0.23570226,0.23570226,0,0,0,0,0,0,0,0,0,0.23570226,0.23570226,0.23570226
CMYA5,0,0,0,0,0,0.229415734,0,0,0,0.229415734,0,0,0,0,0,0,0,0,0,0.229415734,0,0,0,0,0,0.229415734,0,0.229415734,0.229415734,0,0.229415734,0,0,0,0,0,0,0,0,0.229415734,0,0,0,0,0,0,0,0,0,0.229415734,0,0,0,0,0,0.229415734,0,0,0,0,0.229415734,0,0,0,0,0,0,0,0,0,0,0,0,0,0,0,0,0,0,0,0,0,0,0,0,0,0,0,0,0,0,0,0,0,0,0,0,0,0,0.229415734,0.229415734,0,0.229415734,0,0,0,0,0.229415734,0.229415734,0.229415734,0,0,0,0,0,0,0,0,0,0.229415734,0.229415734
PEG3,0.213200716,0,0,0,0,0,0.213200716,0.213200716,0,0,0,0,0,0,0,0,0,0,0,0,0,0,0,0,0,0,0,0,0.213200716,0,0,0,0.213200716,0,0.213200716,0.213200716,0,0.213200716,0,0.213200716,0,0,0,0.213200716,0,0,0,0,0,0.213200716,0,0,0,0,0,0,0.213200716,0.213200716,0,0,0,0,0,0,0,0,0,0,0,0.213200716,0,0,0,0,0,0,0,0.213200716,0.213200716,0,0,0,0,0,0,0.213200716,0,0,0,0,0,0,0,0,0,0,0,0,0,0,0,0,0,0,0,0.213200716,0,0,0.213200716,0,0,0,0,0,0,0.213200716,0,0,0,0.213200716,0.213200716
RP1,0,0,0,0,0,0,0,0,0,0,0,0,0,0,0,0,0.267261242,0,0,0,0,0,0.267261242,0,0,0,0,0,0.267261242,0,0,0,0,0,0,0,0,0,0,0,0.267261242,0,0,0,0,0,0,0,0,0,0,0,0,0,0,0,0,0,0,0,0,0,0,0,0,0,0,0,0,0,0,0,0,0.267261242,0,0,0,0.267261242,0,0,0,0,0,0,0,0,0,0.267261242,0,0.267261242,0,0,0,0,0,0.267261242,0,0,0,0,0.267261242,0,0,0,0,0,0,0.267261242,0.267261242,0,0,0,0,0,0,0,0,0,0,0.267261242,0.267261242
PCDH18,0,0,0,0,0,0,0,0,0,0.242535625,0,0,0,0,0.242535625,0,0,0,0,0,0,0,0,0,0,0.242535625,0,0,0.242535625,0,0.242535625,0,0,0,0,0,0,0.242535625,0,0,0,0,0,0,0,0.242535625,0,0,0,0,0,0,0,0,0,0,0,0.242535625,0,0.242535625,0,0,0,0,0,0,0.242535625,0,0,0,0,0.242535625,0,0,0,0,0,0,0.242535625,0,0,0,0,0,0,0,0,0,0,0,0,0,0,0.242535625,0.242535625,0,0,0,0,0,0,0,0,0,0,0,0,0.242535625,0.242535625,0,0,0,0,0,0,0,0,0,0,0.242535625,0
GRIK2,0,0,0,0,0,0,0.242535625,0,0,0.242535625,0,0,0,0,0.242535625,0,0,0,0,0,0,0,0,0,0,0,0.242535625,0,0,0,0,0,0,0,0,0.242535625,0,0,0,0.242535625,0,0,0.242535625,0,0,0,0,0,0,0,0,0,0,0,0,0.242535625,0,0.242535625,0,0,0.242535625,0,0,0,0,0,0,0,0,0,0,0,0,0,0,0.242535625,0,0,0,0,0,0,0,0,0.242535625,0,0,0,0,0,0.242535625,0,0,0,0,0,0,0,0.242535625,0,0,0,0,0,0,0,0,0.242535625,0.242535625,0,0,0,0,0,0,0,0,0,0,0,0.242535625
AKAP9,0,0,0.213200716,0.213200716,0,0,0.213200716,0,0,0,0,0.213200716,0,0,0.213200716,0,0,0,0,0,0,0.213200716,0.213200716,0,0,0,0,0,0.213200716,0,0,0,0,0,0,0.213200716,0,0,0,0.213200716,0,0,0,0,0,0,0,0,0,0,0,0.213200716,0,0,0,0.213200716,0,0,0,0,0,0,0,0,0,0,0.213200716,0,0,0,0,0,0,0,0,0,0,0,0,0,0,0,0,0,0,0,0,0,0,0.213200716,0,0,0,0,0,0,0,0,0,0.213200716,0.213200716,0,0,0,0,0,0,0.213200716,0.213200716,0.213200716,0,0,0.213200716,0,0,0,0,0,0,0.213200716,0.213200716
COL5A1,0.21821789,0,0,0,0,0,0.21821789,0,0.21821789,0.21821789,0,0.21821789,0,0,0.21821789,0,0,0,0,0,0,0.21821789,0,0,0,0.21821789,0,0,0,0,0.21821789,0,0,0,0,0,0,0,0,0.21821789,0,0.21821789,0,0,0,0,0,0,0,0.21821789,0,0,0.21821789,0,0,0,0.21821789,0.21821789,0,0.21821789,0,0,0,0,0,0,0,0,0,0,0,0,0,0,0,0,0,0,0,0,0,0,0,0,0,0,0,0,0,0.21821789,0,0.21821789,0,0,0,0.21821789,0,0,0,0.21821789,0,0,0,0,0,0,0,0,0,0,0,0,0,0,0,0,0,0,0,0,0.21821789
CREBBP,0,0,0,0.2,0,0.2,0,0,0,0,0,0.2,0,0,0.2,0.2,0.2,0,0,0,0,0.2,0.2,0,0,0,0,0.2,0,0,0,0,0.2,0,0,0,0,0,0,0,0.2,0.2,0,0,0.2,0,0,0,0,0,0.2,0.2,0,0,0,0.2,0,0,0,0,0,0,0,0,0,0,0,0.2,0,0,0,0,0,0.2,0,0,0,0,0,0,0,0,0,0,0.2,0,0,0,0,0,0,0,0,0.2,0,0,0,0,0,0,0.2,0,0,0,0,0,0,0,0.2,0,0,0,0.2,0,0,0.2,0,0,0,0.2,0
FMN2,0,0,0.213200716,0.213200716,0,0,0,0,0,0,0,0,0,0.213200716,0,0,0,0,0,0,0,0,0,0,0,0,0,0,0,0.213200716,0,0,0,0,0,0,0,0,0,0,0.213200716,0,0,0,0,0,0,0,0,0,0,0,0,0.213200716,0,0.213200716,0,0.213200716,0,0,0.213200716,0,0,0,0.213200716,0,0.213200716,0.213200716,0,0,0,0,0,0.213200716,0,0.213200716,0,0,0,0,0,0,0,0,0.213200716,0,0,0,0,0.213200716,0,0.213200716,0,0.213200716,0,0,0,0,0,0.213200716,0,0,0,0,0,0,0,0,0.213200716,0,0,0,0,0,0,0,0,0,0,0.213200716,0.213200716
CHD6,0,0,0,0,0.21821789,0,0.21821789,0,0,0,0,0.21821789,0,0,0.21821789,0.21821789,0,0,0.21821789,0,0,0.21821789,0,0,0,0,0,0.21821789,0.21821789,0,0,0,0.21821789,0,0,0,0,0,0,0,0,0,0.21821789,0,0,0,0,0,0,0,0,0,0,0,0,0,0,0.21821789,0,0,0.21821789,0,0,0,0,0,0,0,0,0,0,0,0,0,0,0,0.21821789,0,0,0,0,0,0,0,0,0,0,0,0,0.21821789,0,0,0,0,0,0,0,0,0.21821789,0,0,0,0,0,0,0,0,0,0.21821789,0,0.21821789,0,0,0,0,0,0,0.21821789,0,0.21821789,0.21821789
PLXNA4,0,0,0.208514414,0,0,0.208514414,0,0,0,0,0.208514414,0.208514414,0.208514414,0.208514414,0.208514414,0,0,0,0,0.208514414,0,0.208514414,0,0,0,0,0,0,0.208514414,0,0,0,0,0,0,0,0,0,0,0,0,0,0.208514414,0,0,0,0.208514414,0,0,0.208514414,0,0.208514414,0,0,0,0,0,0,0,0,0,0,0,0,0.208514414,0,0,0,0,0,0,0,0,0,0,0,0.208514414,0.208514414,0,0,0,0,0,0,0,0,0,0,0,0.208514414,0,0,0,0,0,0,0,0,0,0.208514414,0,0,0.208514414,0,0,0,0,0,0.208514414,0,0,0,0,0,0,0,0,0,0,0.208514414,0.208514414
FAM135B,0,0,0.229415734,0.229415734,0,0,0,0,0,0,0,0.229415734,0,0,0.229415734,0.229415734,0,0.229415734,0,0,0,0,0,0,0,0,0,0,0,0.229415734,0.229415734,0,0,0,0,0.229415734,0,0,0.229415734,0,0,0,0,0,0,0,0,0,0,0,0,0,0,0,0,0.229415734,0,0.229415734,0,0,0,0,0,0,0,0,0,0,0,0,0,0,0,0,0,0,0,0,0,0,0,0,0,0,0,0,0,0,0,0.229415734,0,0,0,0,0,0,0,0,0.229415734,0.229415734,0,0,0,0,0,0,0,0.229415734,0.229415734,0,0,0,0,0,0,0,0,0,0,0.229415734,0.229415734
GRIN2A,0,0,0,0,0,0,0,0,0,0,0,0.229415734,0,0,0.229415734,0,0,0,0,0,0,0,0,0,0,0,0,0,0.229415734,0.229415734,0.229415734,0,0,0,0,0.229415734,0,0,0.229415734,0,0,0,0,0,0,0,0,0,0,0,0,0,0,0,0,0.229415734,0,0.229415734,0,0,0.229415734,0.229415734,0,0,0.229415734,0,0,0,0,0,0,0,0,0,0,0,0,0,0,0,0,0,0,0,0.229415734,0,0,0,0,0,0,0,0,0,0,0,0,0,0.229415734,0.229415734,0.229415734,0,0,0,0,0,0,0,0.229415734,0,0,0,0,0,0,0,0,0,0,0.229415734,0.229415734
FBN3,0.242535625,0,0.242535625,0.242535625,0,0,0,0,0,0,0,0,0,0,0.242535625,0,0,0,0,0.242535625,0,0,0,0,0,0,0,0,0.242535625,0,0.242535625,0,0,0,0,0,0,0,0,0,0,0.242535625,0,0,0,0,0,0,0,0,0,0,0,0,0,0.242535625,0,0.242535625,0,0,0,0,0,0,0,0,0,0,0,0,0,0.242535625,0,0.242535625,0,0,0,0,0,0,0,0,0,0,0.242535625,0,0,0,0,0.242535625,0,0,0,0,0,0.242535625,0,0,0,0.242535625,0,0,0,0,0,0,0,0,0.242535625,0,0,0,0,0,0,0,0,0,0,0,0
PREX2,0,0,0,0,0.25,0,0,0,0,0,0,0,0,0,0,0,0,0,0,0,0,0,0,0,0,0,0,0,0,0,0.25,0,0,0,0,0,0,0,0,0,0.25,0,0,0,0,0,0.25,0,0,0,0,0,0,0,0,0.25,0.25,0.25,0,0.25,0.25,0,0,0,0.25,0,0,0,0,0,0,0,0,0.25,0,0,0,0,0,0,0,0,0,0,0,0,0,0,0,0.25,0,0,0,0,0,0,0,0,0,0,0,0,0,0,0,0,0,0,0.25,0,0,0,0,0,0,0,0,0,0.25,0.25,0.25
IGF2R,0,0.196116135,0,0,0,0.196116135,0.196116135,0,0,0.196116135,0,0.196116135,0,0,0,0,0,0,0,0,0,0.196116135,0,0,0,0.196116135,0.196116135,0,0,0,0.196116135,0,0,0,0,0,0,0,0.196116135,0.196116135,0,0,0,0,0,0,0.196116135,0,0,0,0,0,0,0,0,0.196116135,0,0.196116135,0,0,0,0.196116135,0,0,0,0,0,0,0,0,0,0,0,0.196116135,0,0,0.196116135,0.196116135,0,0,0,0,0,0,0,0,0,0,0,0,0,0,0,0,0,0.196116135,0,0,0,0.196116135,0,0,0.196116135,0,0,0,0,0.196116135,0.196116135,0,0,0,0.196116135,0,0,0,0,0,0,0.196116135,0.196116135
CNTN5,0,0,0,0.23570226,0,0.23570226,0,0,0,0.23570226,0,0,0,0,0,0,0,0,0.23570226,0,0,0,0,0,0,0,0,0,0.23570226,0,0.23570226,0,0,0,0,0,0,0,0,0,0,0,0,0,0,0,0,0,0,0,0,0.23570226,0,0,0,0.23570226,0,0,0.23570226,0,0,0,0,0,0,0,0,0.23570226,0.23570226,0,0,0.23570226,0,0,0,0,0.23570226,0,0,0,0,0,0,0,0,0,0,0,0,0,0,0,0,0,0,0,0,0,0,0,0,0,0,0,0,0,0.23570226,0.23570226,0.23570226,0,0,0,0,0,0,0,0,0,0,0.23570226,0.23570226
FLNC,0,0,0.2,0.2,0,0,0.2,0,0,0.2,0,0.2,0,0,0,0.2,0,0,0,0,0.2,0.2,0.2,0,0,0,0,0,0,0.2,0,0,0,0,0,0,0,0,0.2,0.2,0,0.2,0,0,0,0,0,0,0,0.2,0,0.2,0,0,0,0,0.2,0.2,0,0,0,0,0,0,0.2,0,0.2,0,0.2,0,0,0,0,0.2,0,0,0,0,0,0,0,0,0,0,0,0,0,0,0,0.2,0,0.2,0,0,0,0,0,0,0,0,0,0,0,0,0,0,0,0,0,0,0,0,0.2,0,0,0,0,0,0,0,0.2
CNOT1,0.208514414,0,0.208514414,0,0,0,0,0,0,0,0,0.208514414,0,0,0.208514414,0,0,0,0,0,0,0.208514414,0,0,0,0,0.208514414,0,0.208514414,0,0,0,0,0,0,0,0,0,0,0,0,0,0,0,0,0,0.208514414,0,0,0.208514414,0,0,0,0,0,0.208514414,0,0.208514414,0,0.208514414,0,0.208514414,0,0,0,0,0.208514414,0,0,0,0,0,0,0,0,0.208514414,0,0,0,0,0,0,0,0,0,0,0,0,0,0,0,0,0,0.208514414,0,0,0,0,0.208514414,0.208514414,0.208514414,0,0,0,0,0,0,0,0.208514414,0,0,0,0,0,0,0,0,0,0.208514414,0.208514414,0.208514414
NFASC,0,0,0,0.229415734,0,0.229415734,0,0,0,0,0,0,0,0.229415734,0.229415734,0,0,0.229415734,0,0,0,0,0,0,0,0.229415734,0,0,0,0,0.229415734,0,0,0,0,0,0,0,0,0,0,0,0.229415734,0,0,0,0.229415734,0,0,0.229415734,0,0.229415734,0,0,0,0.229415734,0,0,0,0,0,0,0,0,0,0,0,0,0,0,0,0,0,0,0,0,0.229415734,0,0,0.229415734,0,0,0,0,0.229415734,0,0,0,0,0,0,0,0,0,0,0.229415734,0,0,0,0,0,0,0,0,0,0.229415734,0,0,0.229415734,0,0,0,0,0,0,0,0,0,0,0.229415734,0
PLEC,0,0,0,0,0.208514414,0,0,0,0,0.208514414,0,0,0,0,0,0,0,0,0,0,0,0.208514414,0,0,0,0,0,0,0.208514414,0,0.208514414,0,0.208514414,0,0,0,0,0.208514414,0,0,0.208514414,0,0,0,0,0.208514414,0,0,0,0,0,0.208514414,0,0,0,0,0,0.208514414,0,0,0,0,0,0,0,0,0.208514414,0.208514414,0,0,0,0,0,0,0,0,0,0,0,0,0,0.208514414,0,0,0.208514414,0,0,0,0,0.208514414,0,0.208514414,0.208514414,0,0,0,0,0,0.208514414,0.208514414,0.208514414,0,0,0,0,0,0,0,0.208514414,0,0,0,0,0,0,0,0,0,0,0.208514414,0
DSEL,0.21821789,0,0,0.21821789,0.21821789,0,0.21821789,0,0,0,0,0.21821789,0,0,0.21821789,0,0,0,0,0,0,0,0,0,0,0.21821789,0,0,0.21821789,0,0,0,0,0,0,0,0,0,0,0.21821789,0,0,0,0,0,0,0,0,0,0,0,0,0,0,0,0.21821789,0,0.21821789,0,0,0,0.21821789,0,0,0,0,0.21821789,0.21821789,0,0,0,0,0.21821789,0,0,0,0,0.21821789,0.21821789,0,0,0,0,0,0,0,0,0,0,0.21821789,0,0,0,0,0,0,0,0,0,0,0,0,0,0,0,0,0,0,0.21821789,0,0,0,0,0,0,0,0,0,0,0.21821789,0.21821789
TIAM1,0,0,0.21821789,0,0,0,0.21821789,0,0,0.21821789,0,0,0,0,0,0,0,0.21821789,0,0,0,0.21821789,0,0,0,0.21821789,0,0,0.21821789,0,0,0,0,0,0,0,0,0,0,0,0,0,0,0,0,0,0,0,0,0.21821789,0,0.21821789,0,0,0,0,0.21821789,0,0,0,0.21821789,0,0,0,0.21821789,0,0,0,0,0,0,0,0,0.21821789,0,0,0,0,0,0,0,0,0,0,0,0,0,0,0,0,0,0,0,0,0,0.21821789,0,0,0,0.21821789,0.21821789,0,0,0,0,0,0,0.21821789,0.21821789,0,0,0,0.21821789,0,0,0,0,0,0,0.21821789,0.21821789
A2ML1,0,0.229415734,0.229415734,0,0,0,0.229415734,0,0,0,0,0,0,0,0.229415734,0,0,0,0.229415734,0,0,0,0,0,0,0,0,0,0.229415734,0,0.229415734,0,0,0,0,0,0,0,0.229415734,0,0,0,0,0,0,0,0,0,0,0,0,0.229415734,0,0,0,0,0,0,0,0,0.229415734,0,0,0,0,0,0.229415734,0.229415734,0,0,0,0,0,0,0,0.229415734,0,0,0,0,0,0,0,0,0.229415734,0,0,0,0,0,0,0.229415734,0,0.229415734,0,0,0,0,0,0,0,0,0,0,0,0,0,0,0.229415734,0,0,0,0,0,0,0,0,0,0,0.229415734,0.229415734
SORCS1,0,0,0.223606798,0,0.223606798,0,0,0,0,0.223606798,0,0.223606798,0,0,0.223606798,0,0,0,0,0,0,0,0,0,0,0,0,0,0.223606798,0,0,0,0.223606798,0,0,0,0,0,0,0.223606798,0.223606798,0.223606798,0,0,0,0,0,0,0,0,0,0,0,0,0,0,0,0,0,0,0,0,0,0,0,0,0.223606798,0,0,0,0,0,0,0,0,0,0,0,0,0,0,0,0,0,0,0,0,0,0,0.223606798,0,0.223606798,0,0,0.223606798,0,0,0,0,0,0,0,0,0,0,0,0,0.223606798,0.223606798,0,0,0,0,0,0,0.223606798,0,0,0.223606798,0.223606798,0.223606798
DLG2,0,0,0,0.242535625,0,0,0.242535625,0,0,0.242535625,0,0.242535625,0,0,0.242535625,0.242535625,0,0,0.242535625,0,0,0,0,0,0,0,0,0,0,0,0,0,0.242535625,0,0,0.242535625,0,0,0,0,0,0,0,0,0,0,0,0,0,0,0,0,0,0,0,0.242535625,0,0,0,0,0,0,0,0,0,0,0,0.242535625,0,0,0,0.242535625,0,0,0,0,0,0,0,0,0,0,0,0,0.242535625,0,0,0,0,0.242535625,0,0,0,0,0,0,0,0,0,0,0,0,0.242535625,0,0,0,0,0,0.242535625,0,0,0,0,0,0,0,0,0,0,0,0.242535625
MYO3A,0,0.229415734,0.229415734,0,0,0,0.229415734,0,0,0.229415734,0,0.229415734,0,0,0,0,0,0,0,0,0,0,0,0,0,0,0,0.229415734,0.229415734,0,0,0,0,0,0,0,0,0,0.229415734,0,0,0,0,0,0,0,0,0,0,0.229415734,0,0.229415734,0,0,0,0.229415734,0,0,0,0,0,0,0,0,0,0,0.229415734,0,0,0,0,0,0,0,0,0,0,0,0,0,0,0,0,0,0,0,0,0.229415734,0,0,0.229415734,0,0,0,0,0,0,0,0,0.229415734,0,0,0,0,0,0,0,0,0.229415734,0,0,0.229415734,0,0,0,0,0,0,0.229415734,0,0.229415734
LOXHD1,0,0,0,0,0.21821789,0,0.21821789,0,0,0.21821789,0,0,0,0,0,0.21821789,0,0,0,0,0,0,0.21821789,0,0,0.21821789,0,0,0.21821789,0,0,0,0.21821789,0,0,0,0.21821789,0.21821789,0.21821789,0,0.21821789,0,0,0,0,0,0,0,0,0,0,0.21821789,0,0,0,0,0,0,0,0,0.21821789,0,0,0,0,0,0,0,0,0.21821789,0,0,0,0,0,0,0,0,0,0,0,0,0,0,0,0,0,0,0,0.21821789,0,0,0,0,0.21821789,0,0,0,0.21821789,0,0,0,0,0,0,0,0,0,0,0,0,0,0,0,0,0,0,0,0.21821789,0.21821789,0.21821789
KALRN,0,0,0,0,0,0.213200716,0.213200716,0,0,0.213200716,0,0,0,0,0.213200716,0,0,0,0,0,0,0.213200716,0,0,0,0,0,0,0.213200716,0,0,0,0.213200716,0,0,0,0,0,0,0,0,0,0.213200716,0,0,0,0,0,0,0,0,0,0,0,0,0.213200716,0,0,0,0,0,0,0,0,0.213200716,0.213200716,0,0,0,0,0,0,0,0,0,0,0.213200716,0.213200716,0,0,0,0,0,0,0,0,0,0.213200716,0,0.213200716,0,0,0,0,0.213200716,0.213200716,0,0,0.213200716,0,0,0,0,0,0,0,0,0,0.213200716,0,0,0,0,0,0,0.213200716,0,0,0,0.213200716,0.213200716
UNC79,0.204124145,0,0,0,0,0,0.204124145,0.204124145,0,0,0,0.204124145,0.204124145,0.204124145,0,0.204124145,0,0,0.204124145,0,0,0.204124145,0,0,0,0,0,0,0.204124145,0,0,0,0,0,0,0,0,0,0,0,0.204124145,0.204124145,0,0,0,0,0.204124145,0,0,0,0,0,0,0,0,0.204124145,0,0,0,0,0,0,0,0,0,0,0,0,0,0,0.204124145,0,0,0,0,0,0.204124145,0.204124145,0.204124145,0,0,0,0,0,0,0,0,0,0,0,0,0,0,0.204124145,0,0,0,0,0,0.204124145,0,0,0,0,0,0,0,0,0.204124145,0,0,0,0,0,0,0.204124145,0,0,0,0.204124145,0.204124145
VWF,0,0,0,0,0,0.223606798,0,0,0,0,0,0.223606798,0,0,0.223606798,0.223606798,0,0,0,0,0,0,0,0,0,0,0,0,0,0.223606798,0,0,0,0,0,0,0,0,0,0,0.223606798,0,0.223606798,0,0,0,0,0,0,0.223606798,0,0.223606798,0,0,0,0,0,0.223606798,0,0.223606798,0.223606798,0,0,0,0,0,0.223606798,0,0,0,0,0.223606798,0,0,0,0,0,0,0,0,0,0,0,0,0,0,0,0,0,0.223606798,0,0,0,0,0.223606798,0,0,0,0.223606798,0.223606798,0,0,0,0,0,0,0,0.223606798,0.223606798,0,0,0,0,0,0,0,0,0,0,0,0
HUWE1,0,0,0,0.204124145,0,0.204124145,0,0,0,0.204124145,0,0,0,0.204124145,0,0,0.204124145,0,0,0,0,0.204124145,0,0,0,0.204124145,0.204124145,0.204124145,0,0.204124145,0,0,0,0,0,0,0,0,0,0.204124145,0,0.204124145,0,0,0,0,0,0,0,0.204124145,0,0,0,0,0,0,0,0,0,0,0,0.204124145,0,0,0,0,0,0.204124145,0.204124145,0,0,0.204124145,0,0,0,0,0,0,0,0,0,0,0.204124145,0,0,0,0,0,0,0,0,0,0,0,0,0,0,0,0,0,0,0,0.204124145,0,0,0,0,0.204124145,0.204124145,0,0,0.204124145,0,0,0,0,0,0,0.204124145,0,0.204124145
TNC,0,0,0,0,0,0,0.208514414,0,0,0,0,0,0,0.208514414,0.208514414,0,0,0,0,0,0,0.208514414,0,0,0,0,0,0,0.208514414,0.208514414,0,0,0,0,0,0,0,0,0.208514414,0.208514414,0,0,0,0,0,0,0,0,0.208514414,0.208514414,0.208514414,0.208514414,0,0,0,0.208514414,0,0.208514414,0,0,0,0,0,0,0,0,0,0,0.208514414,0,0,0.208514414,0,0,0,0,0,0,0,0,0,0,0,0,0,0,0,0,0,0,0,0,0,0,0.208514414,0,0,0,0,0.208514414,0,0,0.208514414,0,0,0,0,0.208514414,0.208514414,0,0,0,0,0,0,0,0,0,0,0.208514414,0.208514414
SLITRK1,0.25819889,0,0.25819889,0,0,0,0,0,0,0,0,0,0,0,0.25819889,0.25819889,0,0.25819889,0,0,0,0.25819889,0,0,0,0,0,0,0.25819889,0,0,0,0,0,0,0,0,0,0,0,0.25819889,0,0,0,0,0,0,0,0,0,0,0,0,0,0,0,0,0,0,0,0,0,0,0,0,0.25819889,0,0,0,0,0,0,0,0,0,0,0.25819889,0,0,0,0,0,0,0,0,0,0,0,0,0,0,0.25819889,0,0,0,0,0,0,0,0,0,0,0,0,0,0.25819889,0,0,0.25819889,0,0,0,0,0,0,0.25819889,0,0.25819889,0,0,0
SCN7A,0,0.267261242,0,0.267261242,0,0,0,0,0,0,0,0,0,0,0,0.267261242,0,0,0.267261242,0,0,0.267261242,0,0,0,0,0,0.267261242,0,0,0,0,0,0,0,0,0,0,0.267261242,0,0,0,0,0,0,0,0,0,0,0,0,0,0,0,0,0,0,0.267261242,0,0,0,0,0,0,0,0,0,0,0,0,0,0,0,0,0,0,0,0.267261242,0,0,0,0,0.267261242,0,0,0,0,0,0,0,0,0,0,0,0,0,0,0,0,0,0,0,0,0,0,0,0,0.267261242,0.267261242,0,0,0,0,0,0,0,0,0,0,0.267261242,0.267261242
CACNA1C,0,0,0.208514414,0,0.208514414,0.208514414,0.208514414,0,0,0,0,0,0,0,0.208514414,0.208514414,0,0,0,0,0,0,0.208514414,0,0,0,0,0,0,0,0,0,0,0,0,0,0,0.208514414,0,0,0,0,0.208514414,0,0,0,0,0,0,0.208514414,0,0.208514414,0,0,0,0,0,0.208514414,0,0,0.208514414,0.208514414,0,0,0,0,0.208514414,0.208514414,0.208514414,0,0,0,0,0,0,0,0,0,0,0,0,0,0,0,0.208514414,0,0,0,0,0,0,0,0,0,0,0,0,0,0,0.208514414,0.208514414,0,0,0,0,0,0,0,0.208514414,0,0,0,0,0,0,0,0,0,0,0.208514414,0.208514414
LAMA2,0,0.229415734,0,0,0.229415734,0,0.229415734,0,0,0,0,0,0,0,0.229415734,0.229415734,0,0,0,0,0,0.229415734,0,0,0,0.229415734,0,0,0.229415734,0,0,0,0,0,0,0,0,0,0.229415734,0.229415734,0,0,0,0,0,0,0,0,0,0,0,0.229415734,0,0,0,0,0,0.229415734,0,0,0,0,0,0,0.229415734,0.229415734,0,0,0,0,0,0,0,0,0,0,0.229415734,0,0,0,0,0,0,0,0,0,0,0,0,0,0,0,0,0,0,0,0,0,0,0,0.229415734,0,0,0,0,0,0,0,0.229415734,0,0,0,0,0,0,0,0,0,0,0.229415734,0.229415734
